Date,Rainfall,Sunshine,Humidity,Temp_mean,Temp_max,Temp_min,Year,Month
2021-04-01,0.0,11.359654629629631,66.0,29.233333333333334,39.6,23.0,2021,4
2021-04-02,0.0,10.511477777777777,64.0,28.766666666666666,39.0,21.6,2021,4
2021-04-03,0.0,11.69646111111111,50.333333333333336,29.46666666666667,39.1,20.0,2021,4
2021-04-04,0.5333333333333333,11.483559259259259,42.333333333333336,29.7,39.4,20.2,2021,4
2021-04-05,0.0,11.738998148148147,36.666666666666664,29.5,38.2,20.6,2021,4
2021-04-06,0.0,11.760181481481482,49.666666666666664,28.8,37.8,20.6,2021,4
2021-04-07,0.0,11.781288888888888,61.0,28.433333333333337,37.3,21.2,2021,4
2021-04-08,0.0,11.677666666666667,66.0,28.166666666666668,38.4,22.1,2021,4
2021-04-09,0.7666666666666666,11.821935185185184,63.333333333333336,28.46666666666667,39.2,22.7,2021,4
2021-04-10,0.0,11.811785185185187,65.66666666666667,28.333333333333332,37.7,22.7,2021,4
2021-04-11,0.0,11.853587962962962,61.666666666666664,29.900000000000002,38.7,23.1,2021,4
2021-04-12,0.0,11.554691666666665,54.666666666666664,30.233333333333334,39.6,22.2,2021,4
2021-04-13,0.0,11.72827962962963,56.0,29.900000000000002,40.1,22.1,2021,4
2021-04-14,0.0,11.90039537037037,59.666666666666664,30.03333333333333,40.8,21.9,2021,4
2021-04-15,0.0,11.914342592592591,58.333333333333336,30.333333333333332,40.4,22.4,2021,4
2021-04-16,0.0,11.455627777777778,62.0,28.96666666666667,39.5,23.5,2021,4
2021-04-17,0.03333333333333333,11.464164814814815,63.0,28.933333333333334,38.4,22.3,2021,4
2021-04-18,0.0,11.807610185185185,63.333333333333336,29.0,37.9,22.6,2021,4
2021-04-19,0.0,11.634892592592593,64.33333333333333,29.566666666666666,39.0,23.6,2021,4
2021-04-20,0.0,11.45130925925926,65.66666666666667,29.866666666666664,40.2,22.8,2021,4
2021-04-21,0.0,11.61341851851852,61.666666666666664,30.400000000000002,40.1,23.6,2021,4
2021-04-22,0.06666666666666667,11.519206481481481,61.0,29.733333333333334,38.6,24.0,2021,4
2021-04-23,0.0,11.978102777777778,41.0,31.166666666666668,40.3,24.1,2021,4
2021-04-24,0.0,11.976277777777776,32.666666666666664,31.8,41.1,22.9,2021,4
2021-04-25,0.0,11.997625,41.333333333333336,32.13333333333333,41.2,22.0,2021,4
2021-04-26,0.0,12.00337962962963,53.333333333333336,31.53333333333333,42.2,22.8,2021,4
2021-04-27,0.0,11.654468518518518,60.666666666666664,30.900000000000002,41.6,23.8,2021,4
2021-04-28,0.0,11.984648148148148,59.666666666666664,30.833333333333332,40.5,23.0,2021,4
2021-04-29,0.0,12.025775925925926,56.666666666666664,31.0,39.9,23.4,2021,4
2021-04-30,0.0,11.828462962962965,57.666666666666664,30.8,39.9,23.6,2021,4
2021-05-01,0.6,11.662725,61.333333333333336,30.0,40.2,23.5,2021,5
2021-05-02,0.3,10.749129629629628,63.0,29.133333333333336,38.5,23.3,2021,5
2021-05-03,2.1,12.019757407407406,62.666666666666664,29.333333333333332,37.9,22.8,2021,5
2021-05-04,2.6,8.372735185185187,64.66666666666667,26.333333333333332,32.6,22.0,2021,5
2021-05-05,0.03333333333333333,12.075961111111111,54.666666666666664,29.066666666666666,35.2,22.8,2021,5
2021-05-06,4.566666666666666,10.196394444444444,62.666666666666664,29.099999999999998,35.3,23.1,2021,5
2021-05-07,5.566666666666667,11.353349074074075,65.33333333333333,29.0,37.3,23.7,2021,5
2021-05-08,0.0,11.94817222222222,60.666666666666664,30.2,37.1,23.7,2021,5
2021-05-09,0.06666666666666667,12.15704537037037,62.666666666666664,29.96666666666667,37.0,23.5,2021,5
2021-05-10,11.5,10.608576851851852,68.33333333333333,28.833333333333332,37.3,23.9,2021,5
2021-05-11,25.133333333333336,10.684044444444444,72.33333333333333,27.7,36.2,22.2,2021,5
2021-05-12,0.0,12.17035277777778,66.0,28.866666666666664,34.5,23.4,2021,5
2021-05-13,0.03333333333333333,10.707841666666667,69.33333333333333,28.099999999999998,34.6,23.7,2021,5
2021-05-14,0.0,11.947887962962964,70.33333333333333,29.3,36.0,24.1,2021,5
2021-05-15,1.9333333333333333,11.474849074074074,71.0,29.666666666666668,38.6,24.9,2021,5
2021-05-16,0.0,11.560099074074074,68.33333333333333,30.900000000000002,37.7,25.9,2021,5
2021-05-17,0.0,12.243682407407407,64.33333333333333,31.7,39.6,26.2,2021,5
2021-05-18,2.1,11.511810185185185,66.66666666666667,31.333333333333332,39.7,26.6,2021,5
2021-05-19,0.0,11.81127962962963,67.66666666666667,30.833333333333332,37.8,25.6,2021,5
2021-05-20,0.0,11.18861111111111,66.0,31.133333333333336,37.3,25.5,2021,5
2021-05-21,0.0,12.06643888888889,62.666666666666664,31.933333333333337,39.3,26.1,2021,5
2021-05-22,0.0,11.355152777777777,62.666666666666664,31.53333333333333,36.5,26.5,2021,5
2021-05-23,0.0,11.98443425925926,59.666666666666664,32.53333333333333,38.5,26.2,2021,5
2021-05-24,9.9,11.396011111111113,66.66666666666667,30.8,38.6,24.7,2021,5
2021-05-25,1.8333333333333333,7.84983611111111,71.0,28.866666666666664,36.2,25.3,2021,5
2021-05-26,0.13333333333333333,6.824369444444446,66.66666666666667,29.066666666666666,33.4,26.8,2021,5
2021-05-27,0.0,8.227224074074075,76.0,29.166666666666668,35.1,25.2,2021,5
2021-05-28,0.0,12.335892592592593,72.0,29.96666666666667,34.8,25.0,2021,5
2021-05-29,0.0,12.33610925925926,66.0,30.7,38.3,25.8,2021,5
2021-05-30,1.4666666666666668,11.18740925925926,70.33333333333333,30.366666666666664,37.6,25.6,2021,5
2021-05-31,5.066666666666666,9.53850462962963,78.33333333333333,28.833333333333332,34.7,25.1,2021,5
2021-06-01,0.06666666666666667,11.518102777777777,75.66666666666667,29.7,35.3,25.4,2021,6
2021-06-02,0.0,10.64697962962963,73.33333333333333,29.96666666666667,36.1,25.8,2021,6
2021-06-03,0.0,11.985625925925925,69.66666666666667,30.7,36.2,26.1,2021,6
2021-06-04,0.0,10.734151851851854,70.66666666666667,30.733333333333334,38.1,26.1,2021,6
2021-06-05,0.06666666666666667,11.067437037037038,73.0,30.5,38.2,25.7,2021,6
2021-06-06,18.533333333333335,9.468399074074073,75.66666666666667,29.5,39.3,24.7,2021,6
2021-06-07,10.5,9.982122222222221,74.33333333333333,29.866666666666664,38.3,25.5,2021,6
2021-06-08,0.03333333333333333,10.377108333333334,75.33333333333333,29.3,37.4,25.2,2021,6
2021-06-09,0.5333333333333333,9.626416666666666,77.0,28.833333333333332,34.6,25.3,2021,6
2021-06-10,9.299999999999999,4.620756481481481,85.0,26.766666666666666,33.1,23.3,2021,6
2021-06-11,4.0,8.14167222222222,82.66666666666667,27.400000000000002,32.3,23.7,2021,6
2021-06-12,6.333333333333333,4.094449999999999,85.33333333333333,27.133333333333336,30.4,24.8,2021,6
2021-06-13,0.0,11.272862037037036,79.66666666666667,28.766666666666666,33.6,25.8,2021,6
2021-06-14,0.0,12.378627777777778,76.66666666666667,29.266666666666666,32.8,25.7,2021,6
2021-06-15,35.96666666666667,6.691006481481481,85.33333333333333,27.066666666666666,32.5,24.1,2021,6
2021-06-16,14.233333333333334,3.3580907407407405,88.66666666666667,26.0,29.0,24.2,2021,6
2021-06-17,16.433333333333334,2.510753703703704,87.0,25.833333333333332,29.5,23.5,2021,6
2021-06-18,25.933333333333334,2.030905555555556,90.66666666666667,25.0,28.5,23.8,2021,6
2021-06-19,6.0,1.8434444444444444,90.33333333333333,25.3,30.9,23.7,2021,6
2021-06-20,0.6666666666666666,4.123028703703704,86.66666666666667,25.833333333333332,30.1,23.4,2021,6
2021-06-21,0.0,11.556475,79.66666666666667,28.133333333333336,33.1,24.0,2021,6
2021-06-22,0.0,12.334676851851853,77.33333333333333,28.566666666666666,32.6,24.9,2021,6
2021-06-23,0.0,12.29260648148148,78.33333333333333,28.566666666666666,33.3,24.9,2021,6
2021-06-24,0.0,12.278887962962962,79.66666666666667,28.46666666666667,33.3,24.2,2021,6
2021-06-25,0.0,12.391358333333335,77.66666666666667,28.833333333333332,34.4,24.6,2021,6
2021-06-26,0.0,12.398938888888887,77.0,29.0,33.5,25.4,2021,6
2021-06-27,0.03333333333333333,12.270253703703704,77.33333333333333,29.03333333333333,33.3,25.1,2021,6
2021-06-28,0.0,11.726302777777777,79.0,28.7,32.4,25.4,2021,6
2021-06-29,0.2333333333333333,10.295113888888888,80.33333333333333,28.599999999999998,34.1,25.0,2021,6
2021-06-30,8.2,7.447699074074073,83.33333333333333,28.0,33.7,24.7,2021,6
2021-07-01,0.43333333333333335,5.907917592592592,87.33333333333333,27.233333333333334,29.8,25.1,2021,7
2021-07-02,1.7333333333333334,3.5532879629629632,87.66666666666667,26.933333333333334,31.1,24.5,2021,7
2021-07-03,0.43333333333333335,4.065676851851852,85.33333333333333,27.03333333333333,31.6,24.2,2021,7
2021-07-04,0.0,11.662280555555554,80.0,28.53333333333333,32.4,24.8,2021,7
2021-07-05,0.0,12.273367592592592,79.33333333333333,28.900000000000002,33.6,25.3,2021,7
2021-07-06,0.6,11.99708888888889,79.0,29.166666666666668,33.3,25.6,2021,7
2021-07-07,6.2,5.8680509259259255,86.33333333333333,27.099999999999998,31.8,24.6,2021,7
2021-07-08,0.0,12.24267962962963,78.33333333333333,28.53333333333333,32.6,24.9,2021,7
2021-07-09,0.06666666666666667,12.07466851851852,78.0,29.166666666666668,33.4,25.3,2021,7
2021-07-10,0.0,11.490019444444444,76.33333333333333,29.5,34.4,25.6,2021,7
2021-07-11,0.0,12.07159537037037,72.66666666666667,29.933333333333334,35.5,26.0,2021,7
2021-07-12,0.0,11.31226574074074,75.0,29.400000000000002,35.9,25.4,2021,7
2021-07-13,0.0,11.888294444444446,78.0,28.8,33.4,25.0,2021,7
2021-07-14,0.0,11.985799074074073,75.66666666666667,29.03333333333333,33.9,25.1,2021,7
2021-07-15,0.0,10.481019444444444,74.0,29.400000000000002,34.2,25.5,2021,7
2021-07-16,0.0,10.878787037037037,75.33333333333333,29.400000000000002,33.9,25.1,2021,7
2021-07-17,0.0,6.9473972222222224,80.33333333333333,28.2,30.6,25.1,2021,7
2021-07-18,0.0,8.415821296296295,77.66666666666667,29.166666666666668,34.0,25.4,2021,7
2021-07-19,0.6,5.739081481481482,82.0,28.166666666666668,31.7,25.3,2021,7
2021-07-20,0.5666666666666667,10.887644444444442,79.66666666666667,28.7,34.4,25.4,2021,7
2021-07-21,1.7333333333333334,11.117300925925926,77.0,29.5,34.0,25.2,2021,7
2021-07-22,15.600000000000001,11.575054629629628,76.33333333333333,29.03333333333333,34.3,25.3,2021,7
2021-07-23,22.63333333333333,3.2610018518518515,88.0,27.133333333333336,29.0,24.4,2021,7
2021-07-24,6.2,8.929739814814814,87.0,27.566666666666666,31.1,24.9,2021,7
2021-07-25,0.0,12.02824814814815,81.0,29.03333333333333,33.7,25.0,2021,7
2021-07-26,0.9333333333333332,10.778550925925927,77.66666666666667,29.400000000000002,35.3,24.6,2021,7
2021-07-27,22.333333333333332,7.90094074074074,82.0,28.5,36.0,25.5,2021,7
2021-07-28,41.1,1.1588592592592593,92.33333333333333,26.0,28.8,24.5,2021,7
2021-07-29,17.733333333333334,2.6655361111111113,91.66666666666667,26.333333333333332,28.1,24.8,2021,7
2021-07-30,5.7,8.613480555555556,87.0,27.433333333333334,31.1,24.9,2021,7
2021-07-31,0.0,11.764575925925925,82.33333333333333,28.3,32.2,24.9,2021,7
2021-08-01,7.266666666666667,6.000957407407408,88.0,26.900000000000002,31.7,24.4,2021,8
2021-08-02,3.4,5.767289814814814,87.0,26.866666666666664,30.4,24.4,2021,8
2021-08-03,0.0,10.994817592592591,81.66666666666667,28.133333333333336,33.1,24.8,2021,8
2021-08-04,0.0,11.956494444444445,79.33333333333333,28.766666666666666,33.3,25.1,2021,8
2021-08-05,2.566666666666667,11.065927777777778,76.33333333333333,29.566666666666666,34.9,24.4,2021,8
2021-08-06,5.366666666666667,6.1312999999999995,81.33333333333333,28.566666666666666,35.9,24.7,2021,8
2021-08-07,0.03333333333333333,9.792505555555556,82.33333333333333,28.266666666666666,33.0,24.9,2021,8
2021-08-08,0.0,11.940736111111113,80.33333333333333,28.733333333333334,33.2,24.9,2021,8
2021-08-09,0.0,12.014752777777778,79.0,28.933333333333334,33.4,24.9,2021,8
2021-08-10,1.0999999999999999,11.755364814814817,77.66666666666667,29.366666666666664,35.3,25.0,2021,8
2021-08-11,1.8333333333333333,7.614958333333334,83.0,28.400000000000002,32.4,25.7,2021,8
2021-08-12,0.13333333333333333,9.96262962962963,80.66666666666667,28.866666666666664,32.7,25.8,2021,8
2021-08-13,0.09999999999999999,10.170371296296297,82.66666666666667,28.400000000000002,31.7,25.4,2021,8
2021-08-14,0.0,9.31032037037037,82.0,28.5,32.4,25.6,2021,8
2021-08-15,0.19999999999999998,9.18205925925926,80.33333333333333,28.766666666666666,35.0,24.9,2021,8
2021-08-16,7.666666666666667,6.197026851851851,85.66666666666667,27.233333333333334,32.4,24.9,2021,8
2021-08-17,4.8,2.0875185185185186,90.0,26.166666666666668,28.8,24.4,2021,8
2021-08-18,6.866666666666667,2.5271675925925927,88.66666666666667,26.099999999999998,28.8,23.8,2021,8
2021-08-19,4.433333333333334,1.2393814814814814,89.66666666666667,25.566666666666666,28.3,23.6,2021,8
2021-08-20,0.6333333333333333,4.074863888888889,85.33333333333333,26.3,30.3,23.7,2021,8
2021-08-21,0.0,10.371560185185185,80.0,27.733333333333334,33.8,24.0,2021,8
2021-08-22,0.0,11.644214814814816,76.66666666666667,28.8,34.8,24.2,2021,8
2021-08-23,0.0,11.971307407407409,78.33333333333333,28.8,33.7,24.8,2021,8
2021-08-24,0.0,11.965012962962964,77.66666666666667,29.166666666666668,33.6,24.9,2021,8
2021-08-25,0.26666666666666666,10.62610462962963,79.66666666666667,29.166666666666668,34.0,25.3,2021,8
2021-08-26,4.2,3.321655555555555,87.0,27.266666666666666,31.5,24.7,2021,8
2021-08-27,6.166666666666667,7.827368518518519,84.33333333333333,27.599999999999998,31.1,24.8,2021,8
2021-08-28,0.03333333333333333,11.85111574074074,78.33333333333333,28.7,33.2,24.9,2021,8
2021-08-29,0.0,11.41274074074074,79.33333333333333,28.433333333333334,32.8,24.8,2021,8
2021-08-30,0.03333333333333333,11.403757407407406,76.66666666666667,28.8,33.1,24.7,2021,8
2021-08-31,0.0,11.544709259259259,74.33333333333333,29.133333333333336,34.3,24.7,2021,8
2021-09-01,0.0,10.089313888888888,74.33333333333333,29.3,34.0,25.0,2021,9
2021-09-02,0.19999999999999998,8.81410925925926,77.0,28.566666666666666,33.0,24.7,2021,9
2021-09-03,0.0,10.875187962962963,73.33333333333333,29.46666666666667,35.8,24.8,2021,9
2021-09-04,0.0,10.852627777777778,73.0,29.733333333333334,35.4,25.1,2021,9
2021-09-05,1.1333333333333333,9.784949074074072,75.0,29.366666666666664,36.4,24.5,2021,9
2021-09-06,0.03333333333333333,10.648621296296296,77.0,28.866666666666664,33.9,24.4,2021,9
2021-09-07,0.0,11.626924074074074,79.0,28.266666666666666,32.1,24.4,2021,9
2021-09-08,0.03333333333333333,11.701352777777778,75.33333333333333,28.666666666666668,33.7,24.6,2021,9
2021-09-09,0.0,10.454878703703704,71.0,29.433333333333334,35.3,24.7,2021,9
2021-09-10,0.0,10.594635185185185,77.0,29.03333333333333,36.8,24.4,2021,9
2021-09-11,0.0,9.846899074074074,76.66666666666667,28.766666666666666,33.6,24.5,2021,9
2021-09-12,0.4666666666666666,11.560626851851852,76.66666666666667,28.900000000000002,34.4,24.8,2021,9
2021-09-13,0.2333333333333333,10.566621296296297,80.66666666666667,27.833333333333332,31.4,24.2,2021,9
2021-09-14,1.9333333333333333,6.124740740740741,85.66666666666667,27.03333333333333,31.0,24.1,2021,9
2021-09-15,0.0,9.06701111111111,80.0,28.2,34.8,24.4,2021,9
2021-09-16,1.0333333333333334,9.67011574074074,77.33333333333333,28.5,34.2,24.6,2021,9
2021-09-17,0.3333333333333333,7.130141666666667,85.0,26.933333333333334,31.0,24.4,2021,9
2021-09-18,9.933333333333334,4.0154296296296295,86.33333333333333,26.46666666666667,30.9,24.3,2021,9
2021-09-19,8.166666666666666,5.1912666666666665,86.66666666666667,26.366666666666664,31.1,23.4,2021,9
2021-09-20,11.633333333333335,1.0025000000000002,91.66666666666667,25.03333333333333,27.3,23.0,2021,9
2021-09-21,2.8333333333333335,4.334882407407408,88.33333333333333,25.53333333333333,29.3,23.1,2021,9
2021-09-22,5.066666666666666,6.876077777777778,83.33333333333333,26.766666666666666,32.5,23.4,2021,9
2021-09-23,0.0,11.232578703703703,74.33333333333333,28.599999999999998,34.8,23.9,2021,9
2021-09-24,0.0,11.186667592592594,72.33333333333333,29.46666666666667,35.3,24.8,2021,9
2021-09-25,0.0,10.375781481481482,75.66666666666667,29.166666666666668,36.6,24.7,2021,9
2021-09-26,0.03333333333333333,10.986880555555556,76.33333333333333,29.0,35.5,24.6,2021,9
2021-09-27,1.4000000000000001,9.092562962962964,77.66666666666667,28.599999999999998,35.6,24.0,2021,9
2021-09-28,0.4666666666666666,7.072253703703704,85.0,26.266666666666666,30.9,23.9,2021,9
2021-09-29,2.6,3.3532638888888884,88.33333333333333,25.566666666666666,29.2,23.8,2021,9
2021-09-30,0.0,10.81100925925926,76.0,28.366666666666664,34.6,23.9,2021,9
2021-10-01,0.03333333333333333,9.95875462962963,75.33333333333333,28.766666666666666,33.7,24.2,2021,10
2021-10-02,0.0,11.001649074074075,75.66666666666667,28.7,33.9,24.1,2021,10
2021-10-03,0.0,10.872419444444445,80.0,28.133333333333336,34.0,24.2,2021,10
2021-10-04,0.0,10.915487962962963,80.66666666666667,27.766666666666666,32.6,23.9,2021,10
2021-10-05,0.03333333333333333,9.935887037037036,75.66666666666667,28.333333333333332,33.1,24.1,2021,10
2021-10-06,0.0,10.202383333333334,74.33333333333333,28.599999999999998,34.8,23.9,2021,10
2021-10-07,0.0,10.178733333333334,75.33333333333333,28.733333333333334,34.6,24.3,2021,10
2021-10-08,0.0,9.857342592592593,73.0,29.066666666666666,34.8,24.5,2021,10
2021-10-09,0.0,9.337653703703705,72.66666666666667,29.03333333333333,35.2,24.4,2021,10
2021-10-10,0.0,10.803204629629628,73.33333333333333,29.233333333333334,34.9,24.4,2021,10
2021-10-11,0.0,10.823069444444444,71.66666666666667,29.233333333333334,34.8,25.2,2021,10
2021-10-12,0.0,10.784612037037036,71.33333333333333,29.133333333333336,35.2,24.5,2021,10
2021-10-13,0.0,10.755112037037037,74.0,29.133333333333336,35.3,24.7,2021,10
2021-10-14,0.0,10.676794444444445,75.33333333333333,29.46666666666667,35.8,24.9,2021,10
2021-10-15,1.0,10.746580555555555,76.66666666666667,29.766666666666666,37.0,24.2,2021,10
2021-10-16,0.0,10.118067592592592,77.66666666666667,28.599999999999998,34.5,24.4,2021,10
2021-10-17,0.6333333333333333,7.568400925925926,79.66666666666667,27.8,35.2,23.9,2021,10
2021-10-18,17.633333333333336,2.5399083333333334,90.66666666666667,25.433333333333334,29.0,24.1,2021,10
2021-10-19,2.1333333333333333,5.46725,89.66666666666667,25.900000000000002,30.0,23.6,2021,10
2021-10-20,0.03333333333333333,10.076617592592592,86.0,26.833333333333332,30.9,23.7,2021,10
2021-10-21,0.0,10.588784259259258,76.66666666666667,26.666666666666668,32.0,23.2,2021,10
2021-10-22,0.0,10.178806481481482,70.33333333333333,26.233333333333334,32.0,21.5,2021,10
2021-10-23,0.0,10.608273148148148,68.0,26.099999999999998,31.8,21.4,2021,10
2021-10-24,0.0,10.665444444444445,71.66666666666667,25.866666666666664,31.6,21.3,2021,10
2021-10-25,0.0,10.298502777777777,70.0,26.266666666666666,32.4,21.7,2021,10
2021-10-26,1.1333333333333333,9.246507407407407,70.33333333333333,26.333333333333332,32.2,21.8,2021,10
2021-10-27,0.0,8.692200925925926,72.66666666666667,26.133333333333336,32.3,22.3,2021,10
2021-10-28,0.0,10.495902777777777,71.66666666666667,26.3,31.8,22.3,2021,10
2021-10-29,0.0,10.594931481481481,70.0,26.666666666666668,32.7,22.6,2021,10
2021-10-30,0.0,10.549997222222222,65.0,26.03333333333333,31.7,21.5,2021,10
2021-10-31,0.0,10.557995370370369,60.666666666666664,25.266666666666666,31.9,19.9,2021,10
2021-11-01,0.0,10.537770370370371,60.0,24.133333333333336,30.1,18.9,2021,11
2021-11-02,0.0,10.474801851851852,59.333333333333336,23.666666666666668,29.3,18.6,2021,11
2021-11-03,0.0,10.400847222222223,62.333333333333336,23.866666666666664,30.2,19.1,2021,11
2021-11-04,0.0,10.462236111111112,63.333333333333336,23.566666666666666,30.1,17.6,2021,11
2021-11-05,0.0,10.459505555555557,63.666666666666664,23.099999999999998,29.8,17.3,2021,11
2021-11-06,0.0,10.43087685185185,62.333333333333336,22.666666666666668,29.2,16.7,2021,11
2021-11-07,0.0,10.42125462962963,64.0,22.8,29.4,16.6,2021,11
2021-11-08,0.0,10.402300000000002,62.0,23.599999999999998,30.3,17.3,2021,11
2021-11-09,0.0,10.383485185185185,62.0,24.2,30.5,17.9,2021,11
2021-11-10,0.0,10.36483425925926,59.333333333333336,24.7,30.7,18.9,2021,11
2021-11-11,0.0,10.110843518518518,62.0,24.900000000000002,30.2,20.7,2021,11
2021-11-12,0.0,9.877942592592591,62.333333333333336,25.433333333333334,30.7,21.3,2021,11
2021-11-13,0.13333333333333333,2.8009731481481475,75.0,22.133333333333336,25.9,19.7,2021,11
2021-11-14,0.2333333333333333,6.082194444444444,73.33333333333333,22.266666666666666,26.4,19.8,2021,11
2021-11-15,0.0,7.537472222222223,78.33333333333333,22.900000000000002,27.3,19.6,2021,11
2021-11-16,0.0,10.030725,66.33333333333333,23.96666666666667,29.2,19.3,2021,11
2021-11-17,0.0,10.226774074074074,57.666666666666664,23.03333333333333,29.4,17.4,2021,11
2021-11-18,0.0,10.215006481481481,55.666666666666664,23.0,29.1,17.2,2021,11
2021-11-19,0.0,10.138917592592593,55.333333333333336,23.400000000000002,29.3,18.0,2021,11
2021-11-20,0.0,10.102915740740741,58.333333333333336,23.566666666666666,29.6,17.7,2021,11
2021-11-21,0.0,10.103887962962963,58.666666666666664,24.366666666666664,30.1,17.4,2021,11
2021-11-22,0.0,10.086003703703705,52.666666666666664,24.7,30.6,18.9,2021,11
2021-11-23,0.0,9.837881481481482,56.333333333333336,24.833333333333332,30.4,19.4,2021,11
2021-11-24,0.0,10.061508333333332,55.0,24.266666666666666,30.4,18.6,2021,11
2021-11-25,0.0,10.038085185185185,52.0,23.266666666666666,29.3,17.0,2021,11
2021-11-26,0.0,10.030968518518518,50.0,22.233333333333334,28.4,15.4,2021,11
2021-11-27,0.0,10.01625,53.0,21.333333333333332,27.7,15.2,2021,11
2021-11-28,0.0,9.960218518518518,54.0,21.366666666666664,28.2,15.1,2021,11
2021-11-29,0.0,9.959948148148149,55.333333333333336,21.53333333333333,27.8,15.6,2021,11
2021-11-30,0.0,9.95909537037037,54.666666666666664,22.266666666666666,28.7,15.9,2021,11
2021-12-01,0.0,9.935012037037037,58.0,23.400000000000002,29.9,16.9,2021,12
2021-12-02,0.0,9.921122222222222,58.666666666666664,23.599999999999998,29.9,18.0,2021,12
2021-12-03,0.0,9.871956481481481,55.666666666666664,24.166666666666668,29.7,17.9,2021,12
2021-12-04,1.7666666666666666,0.9747990740740741,68.0,22.333333333333332,25.0,19.4,2021,12
2021-12-05,13.5,2.8043666666666667,86.33333333333333,21.566666666666666,27.2,19.8,2021,12
2021-12-06,5.066666666666666,2.3786935185185185,92.66666666666667,22.066666666666666,25.1,20.3,2021,12
2021-12-07,0.10000000000000002,6.525814814814815,87.33333333333333,22.933333333333334,27.5,19.6,2021,12
2021-12-08,0.0,9.806391666666666,76.0,23.633333333333336,28.2,19.7,2021,12
2021-12-09,0.03333333333333333,8.862156481481481,63.666666666666664,23.599999999999998,28.6,19.3,2021,12
2021-12-10,0.0,9.830669444444444,58.666666666666664,23.066666666666666,29.0,17.8,2021,12
2021-12-11,0.0,9.852748148148148,52.666666666666664,22.233333333333334,28.2,16.1,2021,12
2021-12-12,0.0,9.85261574074074,49.666666666666664,20.400000000000002,26.3,14.4,2021,12
2021-12-13,0.0,9.860657407407409,54.0,19.733333333333334,25.9,14.3,2021,12
2021-12-14,0.0,9.851460185185184,60.0,20.266666666666666,26.3,14.7,2021,12
2021-12-15,0.0,9.839230555555558,61.333333333333336,20.03333333333333,25.6,15.1,2021,12
2021-12-16,0.0,9.845659259259259,59.333333333333336,20.266666666666666,26.3,14.9,2021,12
2021-12-17,0.0,9.852483333333332,58.666666666666664,20.0,26.2,14.2,2021,12
2021-12-18,0.0,9.859189814814814,57.333333333333336,19.96666666666667,26.1,14.0,2021,12
2021-12-19,0.0,9.871617592592592,52.666666666666664,18.733333333333334,25.0,12.3,2021,12
2021-12-20,0.0,9.87359074074074,46.666666666666664,17.766666666666666,24.0,11.8,2021,12
2021-12-21,0.0,9.878842592592592,57.666666666666664,18.366666666666667,24.2,12.0,2021,12
2021-12-22,0.0,9.883934259259258,58.333333333333336,18.933333333333334,24.8,12.5,2021,12
2021-12-23,0.0,9.885901851851854,61.666666666666664,19.233333333333334,24.6,12.6,2021,12
2021-12-24,0.0,9.892487037037037,60.0,19.333333333333332,25.0,13.2,2021,12
2021-12-25,0.0,9.896022222222221,58.666666666666664,19.933333333333334,26.1,13.5,2021,12
2021-12-26,0.0,9.903291666666666,57.333333333333336,20.5,26.8,14.1,2021,12
2021-12-27,0.0,9.911912962962964,52.333333333333336,20.900000000000002,26.9,14.3,2021,12
2021-12-28,0.0,9.917487037037036,48.0,20.766666666666666,27.1,14.2,2021,12
2021-12-29,0.0,9.919802777777777,47.0,20.833333333333332,27.6,14.4,2021,12
2021-12-30,0.0,9.922905555555555,52.666666666666664,20.933333333333334,28.4,14.6,2021,12
2021-12-31,0.0,9.925893518518519,54.333333333333336,20.166666666666668,26.5,13.9,2021,12
2022-01-01,0.0,9.929629629629629,55.666666666666664,19.333333333333332,26.1,13.5,2022,1
2022-01-02,0.0,9.933717592592593,55.0,19.53333333333333,26.7,13.4,2022,1
2022-01-03,0.0,9.937205555555556,54.666666666666664,19.366666666666667,26.7,13.4,2022,1
2022-01-04,0.0,9.939492592592593,52.333333333333336,19.333333333333332,26.7,13.1,2022,1
2022-01-05,0.0,9.940925925925926,51.666666666666664,19.53333333333333,27.0,13.0,2022,1
2022-01-06,0.0,9.942603703703705,49.666666666666664,20.066666666666666,27.6,12.9,2022,1
2022-01-07,0.0,9.943985185185186,48.666666666666664,21.266666666666666,28.9,13.9,2022,1
2022-01-08,0.0,9.946575925925927,50.333333333333336,21.666666666666668,29.4,15.0,2022,1
2022-01-09,0.0,9.94574074074074,52.333333333333336,21.733333333333334,29.0,15.4,2022,1
2022-01-10,0.0,9.948792592592591,52.666666666666664,22.03333333333333,29.0,15.2,2022,1
2022-01-11,0.0,9.947959259259259,54.333333333333336,22.433333333333334,29.3,15.7,2022,1
2022-01-12,0.0,8.698173148148149,61.333333333333336,21.133333333333336,25.1,16.0,2022,1
2022-01-13,0.0,9.380383333333334,65.33333333333333,20.96666666666667,27.0,16.1,2022,1
2022-01-14,0.0,8.437802777777778,53.666666666666664,20.666666666666668,25.7,17.1,2022,1
2022-01-15,0.0,9.82155925925926,51.0,20.433333333333334,27.3,14.8,2022,1
2022-01-16,0.0,9.993402777777778,47.666666666666664,19.26666666666667,26.5,12.6,2022,1
2022-01-17,0.0,9.99958425925926,51.666666666666664,18.933333333333334,26.2,12.4,2022,1
2022-01-18,0.0,9.98468148148148,54.666666666666664,19.133333333333333,26.1,13.3,2022,1
2022-01-19,0.0,10.011725,58.0,18.933333333333334,26.1,13.1,2022,1
2022-01-20,0.0,10.031939814814814,53.666666666666664,18.633333333333333,26.1,12.9,2022,1
2022-01-21,0.0,10.036600925925926,49.333333333333336,19.400000000000002,26.2,13.1,2022,1
2022-01-22,0.0,10.025948148148148,50.666666666666664,20.433333333333334,26.3,13.2,2022,1
2022-01-23,0.0,9.635033333333332,52.0,20.966666666666665,27.1,13.6,2022,1
2022-01-24,0.8333333333333334,2.946287962962963,67.66666666666667,19.3,23.0,16.1,2022,1
2022-01-25,0.0,9.95325925925926,64.0,21.099999999999998,26.8,16.0,2022,1
2022-01-26,0.09999999999999999,8.338875925925926,64.33333333333333,20.733333333333334,26.6,15.5,2022,1
2022-01-27,0.0,10.169853703703703,58.666666666666664,19.266666666666666,25.9,13.8,2022,1
2022-01-28,0.0,10.225199074074075,46.0,17.266666666666666,24.0,10.2,2022,1
2022-01-29,0.0,10.237529629629629,47.666666666666664,16.233333333333334,22.5,9.6,2022,1
2022-01-30,0.0,10.257746296296297,49.0,17.366666666666667,24.5,9.8,2022,1
2022-01-31,0.0,10.294549074074075,52.666666666666664,18.8,26.1,11.5,2022,1
2022-02-01,0.0,9.680690740740742,62.666666666666664,20.166666666666668,27.1,12.2,2022,2
2022-02-02,0.0,9.962049074074075,59.333333333333336,20.666666666666668,28.0,14.0,2022,2
2022-02-03,0.0,9.990148148148148,58.0,21.400000000000002,27.6,13.8,2022,2
2022-02-04,5.466666666666668,9.646746296296296,68.33333333333333,20.333333333333332,27.4,14.2,2022,2
2022-02-05,7.566666666666667,8.81262037037037,67.33333333333333,18.2,25.6,13.6,2022,2
2022-02-06,0.0,10.416660185185185,53.0,18.0,23.3,12.0,2022,2
2022-02-07,0.0,10.435644444444444,55.666666666666664,18.533333333333335,24.3,11.8,2022,2
2022-02-08,0.0,10.447446296296297,49.333333333333336,19.5,25.9,12.3,2022,2
2022-02-09,0.0,10.458475,46.333333333333336,20.666666666666668,27.0,12.9,2022,2
2022-02-10,0.03333333333333333,9.77528888888889,53.0,21.033333333333335,28.3,14.6,2022,2
2022-02-11,0.0,10.478427777777776,55.666666666666664,20.633333333333333,27.1,14.5,2022,2
2022-02-12,0.0,10.499133333333333,44.666666666666664,19.166666666666668,25.4,11.7,2022,2
2022-02-13,0.0,10.521244444444443,47.0,19.7,27.5,11.4,2022,2
2022-02-14,0.0,10.537896296296296,45.666666666666664,19.8,27.3,12.5,2022,2
2022-02-15,0.0,10.561723148148149,42.666666666666664,20.166666666666668,27.6,12.8,2022,2
2022-02-16,0.0,10.58044537037037,39.333333333333336,20.433333333333334,28.1,12.7,2022,2
2022-02-17,0.0,10.588039814814815,37.666666666666664,21.233333333333334,29.0,13.5,2022,2
2022-02-18,0.0,10.616863888888888,35.666666666666664,21.400000000000002,28.6,13.3,2022,2
2022-02-19,0.0,10.637578703703705,35.0,21.133333333333333,28.7,13.0,2022,2
2022-02-20,1.2666666666666668,9.371731481481481,55.333333333333336,21.433333333333334,28.8,13.4,2022,2
2022-02-21,0.0,10.510312037037037,58.333333333333336,21.7,29.4,15.2,2022,2
2022-02-22,0.0,10.381537037037038,54.333333333333336,22.266666666666666,28.2,15.0,2022,2
2022-02-23,0.0,10.690518518518518,55.666666666666664,22.899999999999995,29.9,15.6,2022,2
2022-02-24,0.0,10.720202777777777,52.0,23.96666666666667,31.2,15.9,2022,2
2022-02-25,0.0,10.733384259259259,53.333333333333336,23.933333333333334,31.0,17.6,2022,2
2022-02-26,0.0,10.770327777777778,52.666666666666664,24.53333333333333,32.3,17.9,2022,2
2022-02-27,0.0,10.82965462962963,40.666666666666664,25.03333333333333,32.8,17.6,2022,2
2022-02-28,0.0,10.844537962962965,47.333333333333336,25.333333333333332,32.6,18.5,2022,2
2022-03-01,0.0,10.881152777777778,39.333333333333336,25.066666666666666,32.7,16.5,2022,3
2022-03-02,0.0,10.911849074074075,34.666666666666664,24.433333333333334,32.2,15.5,2022,3
2022-03-03,0.0,10.96702962962963,31.0,24.566666666666666,32.7,15.3,2022,3
2022-03-04,0.0,10.884175,29.333333333333332,25.099999999999998,33.3,16.4,2022,3
2022-03-05,0.0,10.916882407407407,33.333333333333336,25.666666666666668,33.6,17.2,2022,3
2022-03-06,0.0,11.018537037037037,32.666666666666664,25.2,33.3,16.1,2022,3
2022-03-07,0.0,11.094811111111111,36.666666666666664,25.166666666666668,33.6,15.9,2022,3
2022-03-08,0.0,11.117199999999999,41.666666666666664,25.766666666666666,34.6,17.1,2022,3
2022-03-09,0.0,11.139666666666665,40.666666666666664,26.2,34.8,17.1,2022,3
2022-03-10,0.0,11.148692592592594,35.0,26.3,35.2,17.1,2022,3
2022-03-11,0.0,11.157771296296296,29.0,26.53333333333333,35.2,18.1,2022,3
2022-03-12,0.0,11.10871574074074,28.333333333333332,26.46666666666667,34.7,17.8,2022,3
2022-03-13,0.0,11.227145370370371,27.666666666666668,27.133333333333336,36.2,17.6,2022,3
2022-03-14,0.0,11.252583333333334,34.666666666666664,27.066666666666666,36.3,18.6,2022,3
2022-03-15,0.0,11.275173148148147,40.0,27.266666666666666,36.3,18.2,2022,3
2022-03-16,0.0,11.297728703703703,48.666666666666664,27.400000000000002,36.6,18.8,2022,3
2022-03-17,0.0,11.320237037037037,47.0,27.733333333333334,36.3,19.0,2022,3
2022-03-18,0.0,11.342680555555555,44.666666666666664,28.03333333333333,37.3,19.0,2022,3
2022-03-19,0.0,11.365043518518519,46.666666666666664,28.03333333333333,37.5,19.6,2022,3
2022-03-20,0.0,11.387312037037036,49.0,26.766666666666666,36.6,18.1,2022,3
2022-03-21,0.0,11.409475,55.333333333333336,26.866666666666664,36.5,17.9,2022,3
2022-03-22,0.0,11.431513888888889,58.666666666666664,27.733333333333334,37.5,18.7,2022,3
2022-03-23,0.0,11.45341111111111,59.0,28.866666666666664,39.3,20.6,2022,3
2022-03-24,0.0,11.475144444444444,68.33333333333333,27.766666666666666,38.5,21.8,2022,3
2022-03-25,0.06666666666666667,10.05157314814815,69.33333333333333,28.0,38.9,22.5,2022,3
2022-03-26,0.0,11.518497222222223,68.66666666666667,28.5,38.0,22.8,2022,3
2022-03-27,0.0,9.094312962962961,69.66666666666667,28.166666666666668,36.4,22.1,2022,3
2022-03-28,0.0,11.43160462962963,70.0,28.233333333333334,38.1,22.0,2022,3
2022-03-29,0.03333333333333333,10.162593518518518,69.0,28.166666666666668,36.9,23.0,2022,3
2022-03-30,0.0,10.145193518518518,66.0,28.5,36.7,22.7,2022,3
2022-03-31,0.09999999999999999,10.49909074074074,70.0,28.3,35.8,22.8,2022,3
2022-04-01,0.0,11.02434537037037,69.66666666666667,28.46666666666667,38.0,22.3,2022,4
2022-04-02,0.03333333333333333,9.9432,69.0,28.2,35.5,22.3,2022,4
2022-04-03,1.4000000000000001,10.476385185185185,70.33333333333333,28.3,35.6,23.3,2022,4
2022-04-04,0.0,11.713336111111111,66.66666666666667,29.03333333333333,39.6,23.4,2022,4
2022-04-05,0.0,11.64855925925926,66.33333333333333,28.833333333333332,38.5,22.3,2022,4
2022-04-06,0.0,10.859858333333333,65.0,28.733333333333334,38.4,22.2,2022,4
2022-04-07,0.0,11.777011111111113,62.666666666666664,29.3,38.3,22.2,2022,4
2022-04-08,0.0,11.79797314814815,62.666666666666664,29.2,39.3,22.4,2022,4
2022-04-09,0.0,11.818353703703702,67.33333333333333,29.0,39.7,22.8,2022,4
2022-04-10,0.0,11.167471296296297,68.66666666666667,29.3,40.3,23.3,2022,4
2022-04-11,0.0,11.691972222222224,65.66666666666667,29.8,41.1,24.0,2022,4
2022-04-12,0.0,11.324505555555556,67.0,29.566666666666666,39.0,23.6,2022,4
2022-04-13,0.0,10.911507407407408,67.0,29.8,40.7,24.0,2022,4
2022-04-14,0.06666666666666667,11.278576851851852,68.33333333333333,29.766666666666666,40.2,24.5,2022,4
2022-04-15,0.0,11.384782407407409,69.66666666666667,30.066666666666666,40.6,24.3,2022,4
2022-04-16,11.066666666666668,10.949383333333335,71.66666666666667,29.2,39.4,22.5,2022,4
2022-04-17,6.533333333333334,11.929250000000001,72.33333333333333,29.166666666666668,38.9,24.0,2022,4
2022-04-18,0.0,11.710650925925925,67.66666666666667,29.633333333333336,39.3,24.0,2022,4
2022-04-19,1.0,11.941464814814815,69.33333333333333,29.566666666666666,39.8,24.1,2022,4
2022-04-20,0.03333333333333333,11.36033425925926,69.0,28.3,35.4,23.1,2022,4
2022-04-21,0.09999999999999999,10.303076851851852,67.66666666666667,28.7,35.0,23.1,2022,4
2022-04-22,0.0,11.22492777777778,71.0,28.96666666666667,35.6,24.6,2022,4
2022-04-23,0.03333333333333333,11.298242592592592,68.0,30.2,40.2,24.9,2022,4
2022-04-24,0.0,11.946294444444442,67.66666666666667,30.666666666666668,41.3,24.9,2022,4
2022-04-25,0.0,11.892373148148147,69.33333333333333,30.333333333333332,40.5,24.6,2022,4
2022-04-26,0.03333333333333333,10.962930555555554,70.0,30.099999999999998,40.5,24.0,2022,4
2022-04-27,0.0,11.723413888888887,68.0,30.133333333333336,41.2,23.3,2022,4
2022-04-28,0.0,12.017346296296296,64.66666666666667,31.066666666666666,41.0,24.5,2022,4
2022-04-29,0.0,11.52796388888889,68.33333333333333,30.366666666666664,39.6,24.4,2022,4
2022-04-30,2.766666666666667,11.882699074074074,69.33333333333333,29.433333333333334,39.3,24.1,2022,4
2022-05-01,0.0,12.036804629629628,67.66666666666667,29.3,37.1,24.3,2022,5
2022-05-02,6.3,11.599338888888889,66.0,29.400000000000002,37.3,23.4,2022,5
2022-05-03,3.6666666666666665,9.89284537037037,75.0,27.0,35.3,21.9,2022,5
2022-05-04,0.7333333333333334,9.457608333333333,74.33333333333333,27.3,33.8,21.8,2022,5
2022-05-05,0.03333333333333333,10.657939814814814,71.33333333333333,27.833333333333332,33.9,22.7,2022,5
2022-05-06,0.0,10.46346111111111,66.33333333333333,29.066666666666666,34.5,23.7,2022,5
2022-05-07,0.0,11.72755462962963,61.666666666666664,30.066666666666666,36.4,24.3,2022,5
2022-05-08,0.0,11.047215740740741,60.333333333333336,30.3,37.3,24.5,2022,5
2022-05-09,4.266666666666667,2.093322222222222,84.33333333333333,26.099999999999998,32.0,23.4,2022,5
2022-05-10,9.766666666666666,4.7940203703703705,85.66666666666667,26.099999999999998,29.8,23.7,2022,5
2022-05-11,0.0,10.620380555555556,78.0,27.900000000000002,32.0,23.9,2022,5
2022-05-12,0.0,11.06026296296296,74.66666666666667,28.866666666666664,34.6,24.1,2022,5
2022-05-13,0.0,11.793468518518518,76.0,29.099999999999998,33.9,24.5,2022,5
2022-05-14,0.0,11.31111203703704,74.66666666666667,29.933333333333334,37.2,25.6,2022,5
2022-05-15,0.06666666666666667,11.565296296296296,74.66666666666667,29.96666666666667,35.8,26.0,2022,5
2022-05-16,0.03333333333333333,12.009467592592593,74.0,30.133333333333336,35.4,25.9,2022,5
2022-05-17,0.0,12.157925925925925,70.33333333333333,30.8,38.8,25.5,2022,5
2022-05-18,5.266666666666667,11.494692592592592,74.0,29.866666666666664,36.1,25.0,2022,5
2022-05-19,0.19999999999999998,12.199307407407408,73.33333333333333,30.3,36.7,25.1,2022,5
2022-05-20,0.16666666666666666,11.831076851851853,72.0,29.900000000000002,36.0,25.3,2022,5
2022-05-21,1.8,11.932257407407407,72.33333333333333,29.96666666666667,36.2,25.5,2022,5
2022-05-22,0.0,11.499852777777777,69.33333333333333,30.366666666666664,37.2,24.7,2022,5
2022-05-23,0.0,11.923395370370372,67.33333333333333,29.666666666666668,34.9,25.1,2022,5
2022-05-24,0.0,10.747698148148148,67.33333333333333,29.733333333333334,37.9,23.8,2022,5
2022-05-25,0.5,8.328987962962964,71.33333333333333,28.933333333333334,35.3,23.9,2022,5
2022-05-26,2.6,11.09326574074074,68.0,29.266666666666666,35.5,24.8,2022,5
2022-05-27,2.8333333333333335,11.950839814814813,71.33333333333333,29.366666666666664,35.2,24.0,2022,5
2022-05-28,0.3333333333333333,12.261166666666668,67.66666666666667,30.066666666666666,37.4,24.4,2022,5
2022-05-29,4.133333333333334,9.419018518518518,72.0,28.633333333333336,35.5,24.5,2022,5
2022-05-30,0.0,12.103908333333331,69.66666666666667,29.766666666666666,35.8,25.0,2022,5
2022-05-31,0.0,10.780812962962964,71.33333333333333,29.5,34.8,25.0,2022,5
2022-06-01,0.26666666666666666,11.371207407407406,74.0,29.099999999999998,34.9,25.0,2022,6
2022-06-02,0.0,8.62968888888889,77.66666666666667,28.633333333333336,34.9,25.1,2022,6
2022-06-03,0.0,11.758125,76.66666666666667,29.433333333333334,34.0,25.2,2022,6
2022-06-04,16.0,10.950905555555556,79.0,28.96666666666667,34.2,24.9,2022,6
2022-06-05,0.0,11.99389537037037,75.66666666666667,29.566666666666666,33.9,24.8,2022,6
2022-06-06,0.03333333333333333,11.197971296296297,74.66666666666667,29.53333333333333,34.7,24.8,2022,6
2022-06-07,0.0,11.673002777777777,75.0,29.566666666666666,34.7,25.4,2022,6
2022-06-08,0.0,12.043962962962963,73.66666666666667,29.7,34.3,25.4,2022,6
2022-06-09,0.03333333333333333,11.804771296296295,77.0,29.333333333333332,32.9,25.1,2022,6
2022-06-10,0.3333333333333333,5.83825462962963,81.66666666666667,28.433333333333334,34.1,25.1,2022,6
2022-06-11,0.0,10.71911574074074,76.0,29.433333333333334,34.3,25.0,2022,6
2022-06-12,0.0,12.007069444444445,74.33333333333333,29.96666666666667,35.0,25.6,2022,6
2022-06-13,0.0,11.422375925925925,74.66666666666667,30.166666666666668,35.7,25.4,2022,6
2022-06-14,2.033333333333333,10.470555555555556,78.33333333333333,29.333333333333332,36.1,24.1,2022,6
2022-06-15,0.3,8.62331111111111,79.0,29.0,34.3,24.8,2022,6
2022-06-16,1.5333333333333332,7.483697222222222,82.33333333333333,27.633333333333336,33.6,23.7,2022,6
2022-06-17,4.0,6.826011111111111,84.0,27.2,32.0,24.2,2022,6
2022-06-18,0.9,7.528873148148148,83.33333333333333,27.400000000000002,32.3,24.2,2022,6
2022-06-19,6.3999999999999995,4.395826851851852,85.66666666666667,26.599999999999998,32.0,24.3,2022,6
2022-06-20,2.8333333333333335,5.743112037037037,86.0,26.166666666666668,31.3,23.8,2022,6
2022-06-21,0.19999999999999998,5.308817592592592,83.33333333333333,26.733333333333334,33.0,23.8,2022,6
2022-06-22,0.0,11.95295277777778,78.33333333333333,28.066666666666666,32.9,24.1,2022,6
2022-06-23,0.03333333333333333,12.266460185185187,76.0,28.46666666666667,32.8,24.6,2022,6
2022-06-24,0.03333333333333333,12.239717592592593,77.33333333333333,28.433333333333334,33.1,24.6,2022,6
2022-06-25,0.03333333333333333,12.22808888888889,78.0,28.366666666666664,32.5,24.7,2022,6
2022-06-26,0.0,12.32094074074074,77.0,28.96666666666667,33.6,25.0,2022,6
2022-06-27,0.0,12.319510185185186,75.0,29.266666666666666,34.4,25.2,2022,6
2022-06-28,0.0,12.016739814814818,77.33333333333333,28.933333333333334,33.7,24.7,2022,6
2022-06-29,0.03333333333333333,12.207412962962962,78.33333333333333,28.8,33.0,25.1,2022,6
2022-06-30,0.39999999999999997,4.161861111111111,85.0,27.166666666666668,30.6,24.8,2022,6
2022-07-01,0.0,11.789576851851853,80.0,28.333333333333332,32.7,24.6,2022,7
2022-07-02,0.03333333333333333,12.371057407407406,77.0,29.0,34.0,25.0,2022,7
2022-07-03,2.966666666666667,11.580427777777778,78.0,28.733333333333334,33.8,25.4,2022,7
2022-07-04,3.1666666666666665,10.961902777777778,77.66666666666667,29.066666666666666,34.3,24.7,2022,7
2022-07-05,0.3333333333333333,11.193862037037036,77.0,29.099999999999998,33.9,25.3,2022,7
2022-07-06,0.8666666666666667,9.022606481481482,79.33333333333333,28.666666666666668,33.0,25.4,2022,7
2022-07-07,0.0,11.758388888888888,78.0,29.0,33.9,25.4,2022,7
2022-07-08,0.0,11.977023148148149,76.66666666666667,28.900000000000002,33.7,24.7,2022,7
2022-07-09,0.0,12.314375925925924,75.33333333333333,29.066666666666666,34.4,25.0,2022,7
2022-07-10,0.03333333333333333,12.243294444444444,75.33333333333333,29.266666666666666,35.0,25.2,2022,7
2022-07-11,0.0,12.27379814814815,75.66666666666667,29.166666666666668,34.6,24.8,2022,7
2022-07-12,0.0,12.035503703703704,73.33333333333333,29.766666666666666,36.0,25.3,2022,7
2022-07-13,0.0,11.16746111111111,73.33333333333333,29.633333333333336,35.8,24.8,2022,7
2022-07-14,0.0,12.221074999999999,73.0,29.7,35.8,25.1,2022,7
2022-07-15,0.0,10.620075,73.33333333333333,29.833333333333332,35.3,25.3,2022,7
2022-07-16,0.0,12.014848148148147,72.66666666666667,29.96666666666667,36.1,25.6,2022,7
2022-07-17,0.0,11.964046296296296,74.66666666666667,29.599999999999998,34.9,25.3,2022,7
2022-07-18,0.0,12.082256481481481,75.66666666666667,29.433333333333334,35.1,25.4,2022,7
2022-07-19,0.0,11.644833333333333,77.33333333333333,29.066666666666666,34.1,25.3,2022,7
2022-07-20,0.0,10.326739814814815,79.66666666666667,28.53333333333333,33.3,25.1,2022,7
2022-07-21,0.0,11.912325000000001,77.0,29.333333333333332,33.6,25.5,2022,7
2022-07-22,0.03333333333333333,11.976925925925926,76.33333333333333,29.366666666666664,35.5,25.2,2022,7
2022-07-23,0.0,11.78682962962963,78.0,28.46666666666667,34.8,24.6,2022,7
2022-07-24,4.466666666666667,8.537208333333334,80.66666666666667,27.400000000000002,32.5,24.0,2022,7
2022-07-25,0.43333333333333335,6.9441296296296295,81.66666666666667,26.8,29.9,24.0,2022,7
2022-07-26,0.0,10.844618518518518,74.66666666666667,28.166666666666668,32.2,24.1,2022,7
2022-07-27,0.0,11.40636851851852,71.33333333333333,29.46666666666667,33.9,24.9,2022,7
2022-07-28,0.0,10.380010185185185,69.33333333333333,30.0,35.3,25.3,2022,7
2022-07-29,0.0,11.725405555555554,72.0,30.0,35.5,25.7,2022,7
2022-07-30,0.0,10.696650925925924,72.33333333333333,30.0,35.6,26.0,2022,7
2022-07-31,0.0,10.540280555555556,73.33333333333333,29.8,35.1,25.8,2022,7
2022-08-01,0.0,11.153936111111113,74.0,29.633333333333336,34.2,25.9,2022,8
2022-08-02,0.06666666666666667,12.041988888888888,75.33333333333333,29.766666666666666,34.0,25.9,2022,8
2022-08-03,0.03333333333333333,7.456756481481481,78.33333333333333,28.46666666666667,32.2,25.4,2022,8
2022-08-04,0.0,10.660073148148149,76.33333333333333,29.266666666666666,34.1,25.2,2022,8
2022-08-05,0.0,11.899466666666667,77.0,29.400000000000002,34.6,25.5,2022,8
2022-08-06,0.13333333333333333,9.41939537037037,79.33333333333333,28.53333333333333,31.7,25.1,2022,8
2022-08-07,0.0,11.829458333333335,76.0,29.366666666666664,35.2,24.8,2022,8
2022-08-08,0.0,10.841334259259261,77.66666666666667,28.766666666666666,34.4,24.4,2022,8
2022-08-09,0.03333333333333333,8.811433333333333,79.33333333333333,27.666666666666668,32.4,24.7,2022,8
2022-08-10,23.13333333333333,7.020712037037037,81.66666666666667,27.266666666666666,31.1,25.0,2022,8
2022-08-11,3.266666666666667,7.711653703703703,84.33333333333333,26.933333333333334,30.9,24.7,2022,8
2022-08-12,0.06666666666666667,11.240172222222222,78.33333333333333,28.46666666666667,33.5,24.3,2022,8
2022-08-13,0.8000000000000002,10.83305185185185,78.0,28.233333333333334,33.8,24.6,2022,8
2022-08-14,4.1000000000000005,2.5758944444444447,82.66666666666667,26.933333333333334,30.0,25.1,2022,8
2022-08-15,0.0,11.80083611111111,78.33333333333333,28.53333333333333,33.7,24.8,2022,8
2022-08-16,0.03333333333333333,10.218412962962963,74.0,29.3,34.9,25.1,2022,8
2022-08-17,0.03333333333333333,9.794786111111112,68.0,30.7,35.5,25.4,2022,8
2022-08-18,1.3,10.423537037037036,69.0,30.599999999999998,38.5,25.4,2022,8
2022-08-19,0.0,8.929977777777777,74.33333333333333,28.53333333333333,34.3,25.6,2022,8
2022-08-20,0.0,11.741707407407409,77.33333333333333,28.833333333333332,33.5,25.1,2022,8
2022-08-21,0.06666666666666667,11.984778703703704,76.0,29.233333333333334,34.3,25.2,2022,8
2022-08-22,2.466666666666667,10.796887962962964,73.33333333333333,29.7,36.2,24.9,2022,8
2022-08-23,1.4000000000000001,8.622627777777778,82.0,27.766666666666666,31.4,24.4,2022,8
2022-08-24,0.0,11.31291574074074,78.66666666666667,28.066666666666666,32.5,24.5,2022,8
2022-08-25,0.0,11.246414814814814,72.0,29.099999999999998,35.5,25.0,2022,8
2022-08-26,0.03333333333333333,10.283323148148149,72.33333333333333,29.5,34.6,25.8,2022,8
2022-08-27,0.0,5.4810740740740735,79.66666666666667,27.566666666666666,32.8,23.5,2022,8
2022-08-28,0.03333333333333333,9.853300925925927,79.33333333333333,28.166666666666668,32.6,23.9,2022,8
2022-08-29,0.0,11.893992592592591,72.66666666666667,29.5,34.7,24.8,2022,8
2022-08-30,0.0,10.354016666666666,71.66666666666667,29.733333333333334,34.7,25.2,2022,8
2022-08-31,0.0,11.570869444444446,72.33333333333333,29.76666666666667,35.4,25.3,2022,8
2022-09-01,0.0,11.013090740740742,73.66666666666667,29.7,34.7,25.3,2022,9
2022-09-02,0.0,10.882686111111111,72.0,29.766666666666666,34.5,24.6,2022,9
2022-09-03,0.0,11.59168611111111,75.0,29.400000000000002,34.1,24.4,2022,9
2022-09-04,0.0,11.47415925925926,77.0,29.3,34.4,25.0,2022,9
2022-09-05,0.0,10.994443518518517,77.0,29.166666666666668,34.6,24.9,2022,9
2022-09-06,0.0,9.34351388888889,77.0,29.166666666666668,33.9,25.1,2022,9
2022-09-07,0.0,10.81162685185185,71.66666666666667,30.433333333333334,35.8,25.2,2022,9
2022-09-08,0.03333333333333333,10.760009259259258,72.0,30.3,36.5,25.0,2022,9
2022-09-09,0.0,10.258312962962963,73.66666666666667,29.733333333333334,35.9,24.8,2022,9
2022-09-10,3.4,9.969838888888889,80.0,28.03333333333333,33.3,24.0,2022,9
2022-09-11,57.166666666666664,2.5988453703703702,90.66666666666667,25.3,28.7,23.8,2022,9
2022-09-12,47.300000000000004,0.0,93.66666666666667,24.599999999999998,26.1,23.7,2022,9
2022-09-13,8.466666666666667,2.85575,91.0,25.066666666666666,28.2,23.8,2022,9
2022-09-14,4.866666666666667,6.488833333333335,89.33333333333333,25.53333333333333,29.2,22.9,2022,9
2022-09-15,0.03333333333333333,11.414416666666666,84.0,26.7,31.6,23.1,2022,9
2022-09-16,0.03333333333333333,11.272919444444446,80.66666666666667,27.733333333333334,31.8,23.5,2022,9
2022-09-17,0.0,11.46140648148148,77.33333333333333,28.599999999999998,33.6,24.3,2022,9
2022-09-18,7.6000000000000005,9.647092592592593,77.66666666666667,28.833333333333332,34.6,24.6,2022,9
2022-09-19,4.466666666666666,9.636922222222223,81.0,27.833333333333332,32.3,24.1,2022,9
2022-09-20,0.03333333333333333,11.41652685185185,79.66666666666667,27.96666666666667,32.2,24.2,2022,9
2022-09-21,0.0,11.429828703703704,79.33333333333333,28.133333333333336,33.3,24.2,2022,9
2022-09-22,0.0,10.086509259259259,79.33333333333333,28.066666666666666,33.3,24.3,2022,9
2022-09-23,0.03333333333333333,9.676532407407407,77.66666666666667,27.933333333333334,33.9,23.6,2022,9
2022-09-24,0.0,10.543991666666665,75.33333333333333,28.2,33.6,23.6,2022,9
2022-09-25,0.03333333333333333,10.952113888888888,75.0,28.433333333333334,32.8,24.5,2022,9
2022-09-26,0.03333333333333333,10.773712037037036,76.0,28.400000000000002,33.4,24.2,2022,9
2022-09-27,0.03333333333333333,10.98965925925926,78.33333333333333,28.266666666666666,33.6,24.3,2022,9
2022-09-28,0.0,9.861349074074075,75.66666666666667,28.666666666666668,34.3,24.0,2022,9
2022-09-29,0.0,11.034233333333333,72.0,29.53333333333333,35.5,24.1,2022,9
2022-09-30,0.19999999999999998,10.866016666666667,73.33333333333333,29.5,35.8,24.6,2022,9
2022-10-01,12.933333333333332,8.86169351851852,77.33333333333333,28.633333333333336,35.0,24.3,2022,10
2022-10-02,0.3333333333333333,6.507132407407407,86.0,26.666666666666668,31.7,24.0,2022,10
2022-10-03,0.09999999999999999,9.058317592592593,86.0,26.8,30.2,23.8,2022,10
2022-10-04,4.366666666666666,9.819523148148148,82.33333333333333,27.233333333333334,30.6,23.2,2022,10
2022-10-05,0.03333333333333333,9.537107407407406,81.0,27.400000000000002,32.6,23.2,2022,10
2022-10-06,0.0,10.799395370370371,77.33333333333333,27.733333333333334,33.0,23.4,2022,10
2022-10-07,0.0,10.752369444444446,75.0,28.266666666666666,32.8,23.4,2022,10
2022-10-08,0.06666666666666667,10.841700925925926,75.66666666666667,28.433333333333334,33.7,24.2,2022,10
2022-10-09,0.0,10.737593518518517,75.66666666666667,28.2,34.4,24.0,2022,10
2022-10-10,0.03333333333333333,10.26330462962963,76.66666666666667,27.96666666666667,32.7,23.5,2022,10
2022-10-11,0.2333333333333333,10.736512037037036,81.0,27.099999999999998,32.8,23.2,2022,10
2022-10-12,0.0,10.801453703703706,80.0,27.2,32.6,23.3,2022,10
2022-10-13,0.0,10.441626851851852,77.33333333333333,27.400000000000002,33.2,23.4,2022,10
2022-10-14,0.0,9.566399074074074,77.0,27.566666666666666,32.5,23.4,2022,10
2022-10-15,0.0,10.762232407407408,72.0,27.400000000000002,32.8,22.8,2022,10
2022-10-16,0.0,10.750164814814815,66.33333333333333,26.733333333333334,33.0,22.2,2022,10
2022-10-17,0.0,10.738013888888888,70.0,26.7,32.6,22.0,2022,10
2022-10-18,0.0,10.73272685185185,70.66666666666667,27.0,32.8,22.1,2022,10
2022-10-19,0.0,10.403659259259259,72.0,26.633333333333336,32.6,22.0,2022,10
2022-10-20,0.0,10.709857407407407,69.66666666666667,26.633333333333336,33.0,22.0,2022,10
2022-10-21,0.0,10.701882407407409,68.0,27.2,34.3,21.8,2022,10
2022-10-22,0.0,10.693543518518519,66.33333333333333,28.03333333333333,34.6,22.5,2022,10
2022-10-23,17.166666666666668,1.2205916666666667,80.0,25.0,28.3,21.7,2022,10
2022-10-24,182.4,0.36437407407407413,92.33333333333333,22.53333333333333,27.1,19.9,2022,10
2022-10-25,0.0,9.20042962962963,83.0,23.8,27.6,20.6,2022,10
2022-10-26,0.0,10.642797222222223,73.33333333333333,24.96666666666667,30.5,19.7,2022,10
2022-10-27,0.0,9.997147222222223,70.0,24.7,30.8,19.1,2022,10
2022-10-28,0.0,10.616251851851851,70.66666666666667,24.3,30.3,19.1,2022,10
2022-10-29,0.0,10.599489814814815,71.66666666666667,24.96666666666667,31.5,19.0,2022,10
2022-10-30,0.0,10.582839814814815,71.33333333333333,25.666666666666668,31.9,19.8,2022,10
2022-10-31,0.0,10.564332407407408,73.33333333333333,26.3,32.1,21.5,2022,10
2022-11-01,0.0,10.54420925925926,71.66666666666667,26.7,32.5,22.2,2022,11
2022-11-02,0.0,10.524139814814815,69.33333333333333,26.333333333333332,31.8,21.8,2022,11
2022-11-03,0.0,10.451234259259259,67.0,25.03333333333333,30.1,20.1,2022,11
2022-11-04,0.0,10.417553703703703,65.66666666666667,24.633333333333336,30.6,19.9,2022,11
2022-11-05,0.0,10.464462962962962,64.33333333333333,24.96666666666667,31.6,19.9,2022,11
2022-11-06,0.0,10.444819444444445,66.33333333333333,24.900000000000002,31.3,19.2,2022,11
2022-11-07,0.0,10.425337037037037,65.0,24.566666666666666,31.1,19.0,2022,11
2022-11-08,0.0,10.406036111111112,65.0,24.5,31.2,19.1,2022,11
2022-11-09,0.0,10.321338888888889,64.0,24.266666666666666,30.6,18.7,2022,11
2022-11-10,0.0,10.368085185185185,63.0,24.366666666666664,30.5,18.8,2022,11
2022-11-11,0.0,10.224894444444445,62.666666666666664,24.3,30.3,19.2,2022,11
2022-11-12,0.0,10.294818518518518,62.666666666666664,23.833333333333332,30.2,17.8,2022,11
2022-11-13,0.0,10.31312962962963,57.333333333333336,22.96666666666667,29.6,16.6,2022,11
2022-11-14,0.0,10.295437037037038,59.666666666666664,22.53333333333333,29.4,16.4,2022,11
2022-11-15,0.0,10.278099074074072,64.33333333333333,22.900000000000002,29.6,16.6,2022,11
2022-11-16,0.0,10.234428703703704,74.33333333333333,23.3,29.6,17.2,2022,11
2022-11-17,0.0,10.103377777777778,76.33333333333333,23.2,29.9,17.9,2022,11
2022-11-18,0.0,10.11062962962963,73.0,22.833333333333332,30.0,17.2,2022,11
2022-11-19,0.0,9.700307407407408,75.66666666666667,23.833333333333332,31.2,17.0,2022,11
2022-11-20,0.0,9.892868518518519,74.0,25.3,32.2,19.5,2022,11
2022-11-21,0.0,9.96046574074074,72.0,24.400000000000002,31.3,17.4,2022,11
2022-11-22,0.0,9.992208333333332,72.66666666666667,22.53333333333333,30.8,16.8,2022,11
2022-11-23,0.0,9.969768518518519,73.66666666666667,22.400000000000002,29.7,16.6,2022,11
2022-11-24,0.0,9.912807407407408,73.66666666666667,22.666666666666668,29.8,16.4,2022,11
2022-11-25,0.0,9.918692592592592,79.0,22.900000000000002,30.6,17.0,2022,11
2022-11-26,0.0,9.388892592592592,79.0,22.566666666666666,30.6,16.8,2022,11
2022-11-27,0.0,9.638735185185185,76.0,23.633333333333336,30.8,17.5,2022,11
2022-11-28,0.0,9.723468518518517,74.0,24.833333333333332,31.1,18.3,2022,11
2022-11-29,0.0,9.550337962962962,75.66666666666667,25.599999999999998,31.6,20.9,2022,11
2022-11-30,0.0,9.362532407407407,75.66666666666667,25.666666666666668,31.8,19.5,2022,11
2022-12-01,0.0,9.802935185185186,71.33333333333333,24.433333333333334,31.9,17.9,2022,12
2022-12-02,0.0,9.82876574074074,72.66666666666667,23.066666666666666,30.5,17.0,2022,12
2022-12-03,0.0,9.821890740740741,74.33333333333333,22.400000000000002,30.4,16.3,2022,12
2022-12-04,0.0,9.804844444444443,73.66666666666667,22.5,30.3,16.1,2022,12
2022-12-05,0.0,9.800837962962964,75.33333333333333,22.400000000000002,30.5,16.6,2022,12
2022-12-06,0.0,9.803699074074073,75.0,21.866666666666664,29.9,16.4,2022,12
2022-12-07,0.0,9.70646111111111,76.0,21.53333333333333,28.7,16.5,2022,12
2022-12-08,0.0,9.799987037037036,77.0,21.3,29.2,15.5,2022,12
2022-12-09,0.0,9.796660185185184,76.66666666666667,21.633333333333336,30.0,15.0,2022,12
2022-12-10,0.0,9.261321296296297,77.0,21.599999999999998,29.9,15.4,2022,12
2022-12-11,0.0,9.562005555555556,75.66666666666667,21.7,29.4,15.7,2022,12
2022-12-12,0.0,9.543245370370371,76.66666666666667,21.066666666666666,28.9,15.6,2022,12
2022-12-13,0.0,9.38162685185185,79.66666666666667,21.2,28.2,15.6,2022,12
2022-12-14,0.0,9.26203148148148,80.33333333333333,20.96666666666667,28.1,15.5,2022,12
2022-12-15,0.0,9.11933611111111,79.66666666666667,19.733333333333334,27.3,14.2,2022,12
2022-12-16,0.0,9.747728703703705,77.66666666666667,19.266666666666666,26.4,14.2,2022,12
2022-12-17,0.0,9.425883333333333,79.66666666666667,19.833333333333332,26.8,13.9,2022,12
2022-12-18,0.0,9.204094444444445,81.33333333333333,20.233333333333334,28.0,14.9,2022,12
2022-12-19,0.0,9.514602777777776,79.66666666666667,19.900000000000002,27.7,13.9,2022,12
2022-12-20,0.0,9.077535185185186,79.33333333333333,20.099999999999998,27.1,13.3,2022,12
2022-12-21,0.0,9.14229074074074,79.0,20.366666666666667,27.4,14.0,2022,12
2022-12-22,0.0,8.970513888888888,80.66666666666667,20.2,26.9,14.4,2022,12
2022-12-23,0.0,9.212327777777778,76.66666666666667,19.900000000000002,27.9,14.1,2022,12
2022-12-24,0.0,9.551892592592592,76.33333333333333,19.166666666666668,26.5,13.4,2022,12
2022-12-25,0.0,8.894148148148147,77.0,20.333333333333332,28.3,13.8,2022,12
2022-12-26,0.0,9.565271296296297,78.0,21.333333333333332,29.0,14.0,2022,12
2022-12-27,0.03333333333333333,9.382922222222222,86.33333333333333,21.099999999999998,27.1,15.9,2022,12
2022-12-28,0.0,9.27160925925926,86.33333333333333,20.233333333333334,25.4,13.5,2022,12
2022-12-29,0.0,9.444735185185186,75.66666666666667,18.599999999999998,25.8,12.6,2022,12
2022-12-30,0.0,9.343852777777778,81.33333333333333,17.466666666666665,24.2,12.5,2022,12
2022-12-31,0.0,9.198914814814815,81.0,17.766666666666666,24.1,12.2,2022,12
2023-01-01,0.0,9.621816666666668,79.66666666666667,18.599999999999998,25.9,12.7,2023,1
2023-01-02,0.0,9.388258333333333,74.66666666666667,19.0,27.5,13.0,2023,1
2023-01-03,0.0,9.754916666666666,78.0,18.400000000000002,26.8,13.0,2023,1
2023-01-04,0.0,9.938035185185184,83.33333333333333,17.400000000000002,26.6,12.6,2023,1
2023-01-05,0.0,9.939480555555555,85.33333333333333,16.933333333333334,24.9,12.4,2023,1
2023-01-06,0.0,9.539372222222221,86.66666666666667,16.3,22.5,12.4,2023,1
2023-01-07,0.0,8.050302777777778,88.0,16.333333333333332,20.6,11.7,2023,1
2023-01-08,0.0,8.162664814814814,88.66666666666667,17.266666666666666,22.6,11.7,2023,1
2023-01-09,0.0,9.585700000000001,80.66666666666667,20.03333333333333,27.7,13.2,2023,1
2023-01-10,0.0,9.940905555555554,71.33333333333333,19.900000000000002,28.8,13.1,2023,1
2023-01-11,0.0,9.939943518518518,70.33333333333333,18.633333333333333,28.0,11.8,2023,1
2023-01-12,0.0,9.939249074074075,72.0,17.1,26.2,10.6,2023,1
2023-01-13,0.0,9.565858333333333,73.66666666666667,18.900000000000002,27.6,9.7,2023,1
2023-01-14,0.0,9.45024537037037,83.0,20.133333333333336,27.1,12.1,2023,1
2023-01-15,0.0,8.408924074074074,77.33333333333333,20.400000000000002,26.6,15.2,2023,1
2023-01-16,0.0,9.855973148148147,71.0,19.599999999999998,26.3,13.9,2023,1
2023-01-17,0.0,9.94769074074074,70.66666666666667,18.433333333333334,25.9,12.4,2023,1
2023-01-18,0.0,9.941141666666667,73.0,18.466666666666665,25.8,12.2,2023,1
2023-01-19,0.0,9.96432962962963,66.66666666666667,17.599999999999998,25.7,10.9,2023,1
2023-01-20,0.0,9.965800925925926,68.33333333333333,17.833333333333332,27.0,10.6,2023,1
2023-01-21,0.0,9.97464074074074,67.33333333333333,18.966666666666665,28.3,11.2,2023,1
2023-01-22,0.0,9.829340740740742,69.33333333333333,20.166666666666668,29.2,12.9,2023,1
2023-01-23,0.0,9.654872222222222,73.66666666666667,20.766666666666666,28.8,13.9,2023,1
2023-01-24,0.0,9.702537037037038,72.0,21.566666666666666,30.2,15.2,2023,1
2023-01-25,0.0,10.015888888888888,72.33333333333333,21.766666666666666,30.7,15.4,2023,1
2023-01-26,0.0,9.817037962962962,76.0,22.46666666666667,30.1,16.1,2023,1
2023-01-27,0.0,9.374009259259259,75.33333333333333,22.433333333333334,30.5,16.6,2023,1
2023-01-28,0.0,10.040731481481481,74.33333333333333,22.099999999999998,30.5,15.9,2023,1
2023-01-29,0.0,10.076899074074072,73.66666666666667,20.933333333333334,29.8,14.8,2023,1
2023-01-30,0.0,9.43967962962963,75.66666666666667,20.7,30.2,14.3,2023,1
2023-01-31,0.0,9.355099074074074,76.0,22.066666666666666,30.4,14.6,2023,1
2023-02-01,0.0,6.942535185185185,74.66666666666667,22.2,30.8,15.4,2023,2
2023-02-02,0.0,10.166462962962962,66.0,20.333333333333332,30.5,13.4,2023,2
2023-02-03,0.0,10.170177777777779,72.33333333333333,19.833333333333332,28.7,13.1,2023,2
2023-02-04,0.0,10.192002777777779,73.0,20.066666666666666,28.2,13.5,2023,2
2023-02-05,0.0,9.48978611111111,74.66666666666667,20.0,28.3,13.6,2023,2
2023-02-06,0.0,9.770375925925926,72.33333333333333,20.400000000000002,29.0,13.7,2023,2
2023-02-07,0.0,9.935605555555556,76.66666666666667,21.766666666666666,29.1,14.6,2023,2
2023-02-08,0.0,9.885594444444445,76.66666666666667,22.566666666666666,30.3,16.8,2023,2
2023-02-09,0.0,9.47891388888889,79.33333333333333,22.8,29.7,16.5,2023,2
2023-02-10,0.0,9.806496296296295,73.0,22.133333333333336,29.4,15.7,2023,2
2023-02-11,0.0,10.002774074074074,70.66666666666667,23.0,31.2,15.7,2023,2
2023-02-12,0.0,9.745781481481481,76.0,23.7,30.2,17.5,2023,2
2023-02-13,0.0,10.371560185185185,52.0,21.633333333333336,29.5,14.1,2023,2
2023-02-14,0.0,10.448925000000001,59.0,20.5,28.4,13.6,2023,2
2023-02-15,0.0,10.41127037037037,65.33333333333333,20.5,28.2,13.2,2023,2
2023-02-16,0.0,10.174262962962963,69.0,21.333333333333332,29.1,13.8,2023,2
2023-02-17,0.0,10.145306481481482,69.33333333333333,22.766666666666666,30.3,15.4,2023,2
2023-02-18,0.0,9.971904629629629,71.66666666666667,23.46666666666667,31.7,16.3,2023,2
2023-02-19,0.0,9.881937962962963,77.33333333333333,23.7,30.5,17.0,2023,2
2023-02-20,0.0,10.128116666666667,78.33333333333333,24.066666666666666,30.5,18.3,2023,2
2023-02-21,0.0,10.038950925925926,81.0,24.633333333333336,31.2,19.2,2023,2
2023-02-22,0.0,10.03598425925926,79.66666666666667,25.233333333333334,32.2,19.1,2023,2
2023-02-23,0.0,10.293898148148147,76.66666666666667,25.366666666666664,32.8,20.8,2023,2
2023-02-24,0.0,10.397747222222222,77.66666666666667,25.666666666666668,32.9,20.7,2023,2
2023-02-25,0.0,10.256295370370372,70.66666666666667,25.900000000000002,32.4,20.9,2023,2
2023-02-26,0.0,10.69050185185185,57.0,25.333333333333332,33.8,17.9,2023,2
2023-02-27,0.0,10.565827777777779,64.33333333333333,25.26666666666667,33.7,18.3,2023,2
2023-02-28,0.0,10.669132407407409,67.0,25.233333333333334,33.6,18.2,2023,2
2023-03-01,0.0,10.681205555555556,58.666666666666664,25.633333333333336,34.4,18.3,2023,3
2023-03-02,0.0,10.775299074074075,60.666666666666664,26.233333333333334,34.9,19.3,2023,3
2023-03-03,0.0,10.788087037037037,64.33333333333333,26.066666666666666,34.4,18.8,2023,3
2023-03-04,0.0,10.696921296296296,61.666666666666664,26.433333333333334,35.1,18.8,2023,3
2023-03-05,0.0,10.88634074074074,66.66666666666667,26.333333333333332,35.2,19.6,2023,3
2023-03-06,0.0,10.836511111111113,66.0,26.166666666666668,34.6,19.6,2023,3
2023-03-07,0.0,10.764862962962964,61.0,26.733333333333334,34.6,19.6,2023,3
2023-03-08,0.0,6.81585462962963,57.333333333333336,26.099999999999998,34.6,19.5,2023,3
2023-03-09,0.0,10.07533425925926,56.333333333333336,26.833333333333332,34.9,19.9,2023,3
2023-03-10,0.0,8.233113888888889,58.666666666666664,26.2,33.7,20.5,2023,3
2023-03-11,0.0,9.431247222222224,57.0,26.7,35.8,20.1,2023,3
2023-03-12,0.0,11.16427962962963,53.333333333333336,27.633333333333336,37.4,20.3,2023,3
2023-03-13,0.0,11.219893518518518,55.0,27.7,36.0,20.1,2023,3
2023-03-14,0.0,10.238185185185186,69.66666666666667,26.53333333333333,33.5,19.4,2023,3
2023-03-15,0.0,9.035433333333334,78.66666666666667,25.866666666666664,32.8,21.6,2023,3
2023-03-16,0.09999999999999999,8.24617037037037,81.0,25.766666666666666,31.5,21.3,2023,3
2023-03-17,0.0,4.352419444444444,79.66666666666667,25.5,32.2,21.7,2023,3
2023-03-18,0.0,7.651555555555556,72.0,25.900000000000002,31.2,21.8,2023,3
2023-03-19,1.7333333333333334,1.0610916666666668,85.66666666666667,23.099999999999998,27.7,20.2,2023,3
2023-03-20,0.13333333333333333,3.2280935185185187,84.0,23.066666666666666,27.6,19.9,2023,3
2023-03-21,0.03333333333333333,7.029743518518519,83.33333333333333,23.633333333333336,29.7,19.5,2023,3
2023-03-22,0.0,9.471335185185184,81.66666666666667,24.366666666666664,29.9,19.3,2023,3
2023-03-23,0.0,10.885417592592594,79.33333333333333,25.266666666666666,31.4,20.9,2023,3
2023-03-24,0.0,11.079144444444443,75.0,26.066666666666666,32.4,20.5,2023,3
2023-03-25,0.0,11.051782407407407,76.66666666666667,26.633333333333336,32.9,20.5,2023,3
2023-03-26,0.0,11.143005555555556,77.66666666666667,26.933333333333334,32.6,21.2,2023,3
2023-03-27,0.0,10.586468518518519,79.66666666666667,26.53333333333333,31.9,21.9,2023,3
2023-03-28,0.0,11.376327777777776,77.0,27.366666666666664,32.7,22.7,2023,3
2023-03-29,0.0,10.721446296296298,82.0,26.2,32.0,21.6,2023,3
2023-03-30,0.0,10.376612037037036,81.33333333333333,26.566666666666666,32.2,20.7,2023,3
2023-03-31,0.0,10.968275925925925,78.66666666666667,26.5,31.9,22.0,2023,3
2023-04-01,0.03333333333333333,3.358197222222222,86.33333333333333,24.366666666666664,28.0,21.0,2023,4
2023-04-02,0.0,11.025649999999999,77.33333333333333,25.766666666666666,30.9,20.9,2023,4
2023-04-03,0.0,11.501717592592593,72.0,27.433333333333334,33.5,22.3,2023,4
2023-04-04,0.0,11.22981388888889,74.33333333333333,28.433333333333334,35.0,23.3,2023,4
2023-04-05,0.0,11.219394444444445,78.33333333333333,28.03333333333333,33.3,24.0,2023,4
2023-04-06,0.0,11.509862962962963,69.66666666666667,28.733333333333334,35.8,23.6,2023,4
2023-04-07,0.0,11.637528703703703,60.333333333333336,29.3,36.4,22.6,2023,4
2023-04-08,0.0,11.793007407407408,60.666666666666664,29.599999999999998,37.3,21.9,2023,4
2023-04-09,0.0,11.81354537037037,59.333333333333336,30.166666666666668,37.7,22.7,2023,4
2023-04-10,0.0,11.830234259259262,63.666666666666664,30.53333333333333,37.5,22.3,2023,4
2023-04-11,0.0,11.84595925925926,63.666666666666664,30.733333333333334,38.1,24.4,2023,4
2023-04-12,0.0,11.861656481481482,65.0,30.5,38.5,24.1,2023,4
2023-04-13,0.0,11.877322222222224,64.0,30.933333333333334,40.1,24.1,2023,4
2023-04-14,0.0,11.892941666666667,63.0,31.73333333333333,40.3,24.4,2023,4
2023-04-15,0.0,10.96122037037037,67.0,32.199999999999996,40.0,24.6,2023,4
2023-04-16,0.0,11.09833888888889,73.0,31.633333333333336,40.6,25.6,2023,4
2023-04-17,0.0,11.125475,76.66666666666667,31.03333333333333,37.5,26.6,2023,4
2023-04-18,0.0,11.649663888888888,75.0,31.100000000000005,37.5,27.0,2023,4
2023-04-19,0.0,11.584612962962963,75.33333333333333,31.0,37.6,26.9,2023,4
2023-04-20,0.0,10.431825,75.66666666666667,30.766666666666666,37.7,26.9,2023,4
2023-04-21,0.0,9.61882962962963,80.33333333333333,28.96666666666667,35.7,24.2,2023,4
2023-04-22,0.0,10.927465740740741,72.0,29.3,34.8,23.3,2023,4
2023-04-23,0.03333333333333333,5.215491666666666,73.66666666666667,26.766666666666666,31.5,22.2,2023,4
2023-04-24,0.0,11.237297222222223,65.33333333333333,28.733333333333334,35.6,21.9,2023,4
2023-04-25,0.0,11.967467592592593,61.333333333333336,29.666666666666668,36.5,23.3,2023,4
2023-04-26,0.0,11.707822222222221,61.666666666666664,30.400000000000002,36.9,24.5,2023,4
2023-04-27,0.0,9.631919444444444,66.0,29.733333333333334,37.6,23.0,2023,4
2023-04-28,0.0,11.44166203703704,72.0,28.866666666666664,34.6,22.2,2023,4
2023-04-29,0.0,10.333333333333334,71.33333333333333,29.066666666666666,36.6,23.3,2023,4
2023-04-30,0.0,9.482704629629628,67.0,29.599999999999998,36.7,23.2,2023,4
2023-05-01,0.0,8.16722962962963,68.33333333333333,29.133333333333336,36.9,24.2,2023,5
2023-05-02,0.0,11.603582407407407,60.0,30.133333333333336,36.3,24.1,2023,5
2023-05-03,0.0,8.389557407407407,73.66666666666667,28.8,33.9,24.0,2023,5
2023-05-04,0.03333333333333333,5.889991666666667,76.66666666666667,27.833333333333332,32.7,24.0,2023,5
2023-05-05,0.0,11.813933333333333,77.33333333333333,28.900000000000002,34.3,24.3,2023,5
2023-05-06,0.0,10.493935185185185,77.0,29.53333333333333,35.2,25.5,2023,5
2023-05-07,0.0,12.005687962962961,69.33333333333333,31.2,37.2,25.8,2023,5
2023-05-08,0.0,12.008535185185186,63.0,32.26666666666667,38.9,26.1,2023,5
2023-05-09,0.0,12.052912962962964,67.0,32.36666666666667,40.0,26.9,2023,5
2023-05-10,0.0,11.86136111111111,72.0,31.5,38.6,26.7,2023,5
2023-05-11,0.0,12.045353703703704,70.66666666666667,30.933333333333334,37.4,25.5,2023,5
2023-05-12,0.0,11.305516666666668,70.33333333333333,30.833333333333332,36.7,25.5,2023,5
2023-05-13,2.2666666666666666,5.062433333333334,77.0,28.400000000000002,35.7,23.8,2023,5
2023-05-14,2.8333333333333335,1.4332500000000001,75.0,25.366666666666664,32.4,22.8,2023,5
2023-05-15,0.09999999999999999,11.507749074074072,72.66666666666667,28.866666666666664,35.7,22.4,2023,5
2023-05-16,0.0,11.654628703703702,77.0,29.46666666666667,35.4,25.0,2023,5
2023-05-17,0.0,11.000912962962964,80.0,28.433333333333334,34.0,24.8,2023,5
2023-05-18,0.0,6.9572268518518525,84.33333333333333,26.8,30.3,23.9,2023,5
2023-05-19,0.0,11.061094444444445,82.0,28.46666666666667,33.1,24.3,2023,5
2023-05-20,0.0,11.744270370370371,77.66666666666667,29.599999999999998,34.9,25.9,2023,5
2023-05-21,0.0,11.99655462962963,77.33333333333333,30.099999999999998,35.0,25.9,2023,5
2023-05-22,0.0,11.825905555555556,75.33333333333333,30.3,36.0,25.2,2023,5
2023-05-23,0.8333333333333334,8.521605555555555,81.0,28.53333333333333,34.1,22.2,2023,5
2023-05-24,0.0,5.93591574074074,86.66666666666667,26.03333333333333,30.4,22.0,2023,5
2023-05-25,0.0,7.446863888888888,82.33333333333333,28.03333333333333,33.1,23.6,2023,5
2023-05-26,0.0,10.608565740740742,80.0,28.53333333333333,34.3,24.5,2023,5
2023-05-27,0.0,10.794825000000001,81.33333333333333,28.266666666666666,33.3,24.6,2023,5
2023-05-28,0.0,12.001593518518519,73.66666666666667,29.733333333333334,34.7,24.9,2023,5
2023-05-29,0.0,12.144750925925926,69.33333333333333,30.866666666666664,36.2,26.0,2023,5
2023-05-30,0.0,12.144261111111112,70.0,31.5,37.1,27.1,2023,5
2023-05-31,0.0,11.942621296296297,72.66666666666667,31.63333333333333,36.9,27.8,2023,5
2023-06-01,0.0,11.75387962962963,75.66666666666667,31.166666666666668,36.3,27.1,2023,6
2023-06-02,0.0,12.019277777777779,76.0,31.233333333333334,37.2,26.7,2023,6
2023-06-03,0.0,12.085920370370369,74.33333333333333,31.366666666666664,37.1,26.9,2023,6
2023-06-04,0.0,12.011350925925925,74.33333333333333,31.433333333333334,36.6,27.5,2023,6
2023-06-05,0.0,12.041605555555556,72.33333333333333,31.900000000000002,37.9,27.8,2023,6
2023-06-06,0.0,11.126170370370373,73.0,32.03333333333333,37.2,27.6,2023,6
2023-06-07,0.0,4.876405555555555,79.33333333333333,30.733333333333334,36.3,27.1,2023,6
2023-06-08,2.4666666666666663,0.47089444444444445,90.33333333333333,28.7,32.1,26.1,2023,6
2023-06-09,8.066666666666666,1.9389231481481481,87.66666666666667,28.0,32.2,25.6,2023,6
2023-06-10,0.7000000000000001,2.027482407407408,87.66666666666667,27.2,32.5,25.2,2023,6
2023-06-11,0.0,5.125337962962963,86.33333333333333,27.900000000000002,32.2,25.7,2023,6
2023-06-12,0.0,10.248366666666668,84.0,29.166666666666668,33.3,26.1,2023,6
2023-06-13,0.0,7.682216666666666,82.33333333333333,29.7,34.1,26.7,2023,6
2023-06-14,0.06666666666666667,7.642944444444446,77.66666666666667,30.733333333333334,36.2,27.1,2023,6
2023-06-15,0.0,6.820736111111111,82.33333333333333,30.166666666666668,34.7,26.7,2023,6
2023-06-16,0.0,7.422606481481481,82.0,30.133333333333336,35.2,27.0,2023,6
2023-06-17,0.0,6.75162962962963,82.33333333333333,29.666666666666668,34.0,26.6,2023,6
2023-06-18,0.0,3.5618203703703704,85.0,29.2,32.8,26.6,2023,6
2023-06-19,0.0,3.542491666666667,86.66666666666667,28.5,32.1,26.4,2023,6
2023-06-20,0.0,9.395812962962964,84.0,29.2,33.0,26.5,2023,6
2023-06-21,0.0,8.261387037037037,83.33333333333333,29.333333333333332,33.3,26.5,2023,6
2023-06-22,0.0,7.115225925925926,83.66666666666667,28.766666666666666,32.3,26.5,2023,6
2023-06-23,0.0,8.680066666666667,84.0,28.599999999999998,32.6,26.5,2023,6
2023-06-24,0.0,8.600208333333333,83.33333333333333,28.599999999999998,32.8,26.5,2023,6
2023-06-25,0.16666666666666666,7.909275925925925,82.33333333333333,28.633333333333336,33.3,26.5,2023,6
2023-06-26,5.533333333333334,3.4133537037037036,87.66666666666667,27.233333333333334,30.6,25.1,2023,6
2023-06-27,1.6333333333333335,0.13085185185185186,89.66666666666667,27.166666666666668,29.8,25.6,2023,6
2023-06-28,0.5333333333333333,3.0697055555555557,89.0,27.666666666666668,31.7,26.0,2023,6
2023-06-29,0.0,4.074115740740742,88.66666666666667,27.866666666666664,33.0,26.0,2023,6
2023-06-30,0.0,5.638647222222222,87.66666666666667,28.633333333333336,32.5,26.1,2023,6
2023-07-01,0.0,8.089839814814814,86.66666666666667,28.900000000000002,32.3,26.3,2023,7
2023-07-02,0.0,8.36381574074074,84.33333333333333,29.53333333333333,33.7,27.2,2023,7
2023-07-03,0.0,8.74755925925926,82.33333333333333,30.03333333333333,33.7,27.3,2023,7
2023-07-04,0.0,8.920917592592593,80.0,30.133333333333336,34.5,27.3,2023,7
2023-07-05,0.0,9.012614814814816,81.33333333333333,29.366666666666664,33.7,26.8,2023,7
2023-07-06,0.0,3.539587962962963,84.66666666666667,28.5,31.2,26.8,2023,7
2023-07-07,0.0,6.403509259259259,85.0,28.633333333333336,31.8,26.8,2023,7
2023-07-08,0.0,10.646687962962963,82.33333333333333,29.03333333333333,32.9,26.8,2023,7
2023-07-09,0.0,9.101121296296297,83.0,29.53333333333333,33.5,27.1,2023,7
2023-07-10,0.19999999999999998,2.790311111111111,86.66666666666667,28.733333333333334,32.3,26.8,2023,7
2023-07-11,0.0,6.821892592592593,84.0,28.96666666666667,32.1,26.8,2023,7
2023-07-12,0.0,6.663612962962962,82.33333333333333,29.133333333333336,33.2,26.9,2023,7
2023-07-13,0.0,6.073338888888888,84.33333333333333,28.8,31.9,26.4,2023,7
2023-07-14,0.0,4.673391666666666,86.66666666666667,28.2,32.5,26.1,2023,7
2023-07-15,0.0,8.393122222222223,83.66666666666667,28.333333333333332,32.0,26.1,2023,7
2023-07-16,0.0,6.344874074074074,83.66666666666667,28.7,32.9,26.4,2023,7
2023-07-17,0.0,6.075995370370371,81.33333333333333,29.366666666666664,34.0,26.7,2023,7
2023-07-18,0.06666666666666667,10.764337962962964,79.66666666666667,29.866666666666664,34.6,27.2,2023,7
2023-07-19,0.0,11.485668518518517,78.33333333333333,30.03333333333333,34.5,27.3,2023,7
2023-07-20,0.0,11.306918518518517,77.66666666666667,30.166666666666668,34.8,27.5,2023,7
2023-07-21,0.0,9.005974074074073,80.0,29.833333333333332,34.5,27.3,2023,7
2023-07-22,0.0,10.134002777777779,78.33333333333333,30.03333333333333,35.2,27.2,2023,7
2023-07-23,0.0,10.508831481481481,78.0,30.233333333333334,34.8,27.4,2023,7
2023-07-24,0.0,10.342549074074073,76.66666666666667,30.46666666666667,35.6,26.7,2023,7
2023-07-25,0.0,10.659171296296297,78.33333333333333,29.96666666666667,35.1,26.8,2023,7
2023-07-26,0.0,9.700309259259258,81.33333333333333,29.366666666666664,33.7,26.9,2023,7
2023-07-27,0.0,6.363342592592592,83.33333333333333,28.96666666666667,32.7,26.6,2023,7
2023-07-28,0.0,8.725987962962963,82.66666666666667,29.133333333333336,33.8,26.7,2023,7
2023-07-29,0.0,10.915976851851852,82.33333333333333,29.733333333333334,33.0,27.1,2023,7
2023-07-30,0.0,9.637975925925927,78.66666666666667,30.7,35.8,26.4,2023,7
2023-07-31,0.0,4.221430555555555,83.66666666666667,29.8,36.6,27.0,2023,7
2023-08-01,0.16666666666666666,3.260013888888889,83.33333333333333,29.066666666666666,36.1,27.2,2023,8
2023-08-02,0.0,1.6368064814814816,87.66666666666667,28.0,31.3,26.1,2023,8
2023-08-03,0.0,2.5199611111111113,89.66666666666667,27.96666666666667,30.4,26.2,2023,8
2023-08-04,3.0333333333333337,0.7542027777777777,91.66666666666667,27.666666666666668,30.6,25.3,2023,8
2023-08-05,0.7999999999999999,3.3821944444444445,89.33333333333333,28.0,31.7,25.6,2023,8
2023-08-06,7.733333333333333,0.0,93.33333333333333,27.3,29.4,26.3,2023,8
2023-08-07,16.533333333333335,0.0,95.0,27.066666666666666,28.5,26.1,2023,8
2023-08-08,8.766666666666666,0.0,93.66666666666667,26.633333333333336,28.2,25.3,2023,8
2023-08-09,1.1666666666666667,1.244162962962963,91.33333333333333,27.333333333333332,31.9,25.6,2023,8
2023-08-10,0.0,2.29785462962963,88.66666666666667,27.933333333333334,32.3,25.7,2023,8
2023-08-11,0.3666666666666667,2.619599074074074,87.66666666666667,28.099999999999998,31.4,25.9,2023,8
2023-08-12,0.2333333333333333,4.212445370370371,88.66666666666667,27.96666666666667,31.4,26.1,2023,8
2023-08-13,0.0,1.1979962962962964,91.66666666666667,27.333333333333332,30.5,26.0,2023,8
2023-08-14,0.0,5.714388888888888,86.66666666666667,28.2,31.2,25.9,2023,8
2023-08-15,0.0,4.50523425925926,86.66666666666667,28.633333333333336,32.7,26.0,2023,8
2023-08-16,0.0,4.613363888888889,85.33333333333333,29.3,33.1,26.7,2023,8
2023-08-17,0.0,8.319881481481481,81.0,29.633333333333336,34.1,26.8,2023,8
2023-08-18,0.0,10.651125925925927,78.0,29.566666666666666,33.8,26.6,2023,8
2023-08-19,0.0,10.061643518518517,81.66666666666667,29.3,33.4,26.8,2023,8
2023-08-20,0.0,9.819096296296296,80.33333333333333,29.833333333333332,33.6,27.0,2023,8
2023-08-21,0.0,4.035798148148149,80.66666666666667,29.666666666666668,34.6,26.9,2023,8
2023-08-22,0.7666666666666666,0.43658888888888886,86.33333333333333,28.400000000000002,31.8,26.2,2023,8
2023-08-23,0.0,3.6482185185185183,87.66666666666667,27.8,30.8,25.8,2023,8
2023-08-24,5.599999999999999,1.7591166666666667,89.33333333333333,27.53333333333333,31.9,25.1,2023,8
2023-08-25,6.166666666666667,0.09391851851851853,92.66666666666667,26.8,29.2,25.1,2023,8
2023-08-26,11.133333333333335,0.3072388888888889,92.0,27.166666666666668,30.8,25.4,2023,8
2023-08-27,5.3,0.023847222222222225,89.66666666666667,27.46666666666667,31.6,25.5,2023,8
2023-08-28,0.0,9.731140740740742,85.33333333333333,29.0,33.4,25.9,2023,8
2023-08-29,0.0,9.935871296296297,80.0,30.133333333333336,34.9,26.5,2023,8
2023-08-30,0.0,9.004576851851851,79.66666666666667,30.46666666666667,36.6,26.6,2023,8
2023-08-31,0.0,6.934056481481481,85.0,29.7,35.0,27.2,2023,8
2023-09-01,0.0,9.661158333333333,84.0,29.599999999999998,34.3,26.7,2023,9
2023-09-02,0.0,8.012318518518518,83.33333333333333,29.566666666666666,34.3,26.2,2023,9
2023-09-03,0.13333333333333333,6.166506481481481,84.0,29.166666666666668,33.5,26.2,2023,9
2023-09-04,0.0,7.037137962962963,80.0,29.599999999999998,33.8,26.2,2023,9
2023-09-05,0.0,9.40233148148148,81.33333333333333,29.96666666666667,36.4,26.5,2023,9
2023-09-06,0.0,5.867861111111111,81.33333333333333,29.2,34.1,26.6,2023,9
2023-09-07,2.466666666666667,3.766963888888889,84.66666666666667,28.333333333333332,32.8,26.5,2023,9
2023-09-08,0.7666666666666666,0.995550925925926,90.33333333333333,27.433333333333334,30.3,26.3,2023,9
2023-09-09,0.0,10.550283333333333,82.33333333333333,29.5,34.6,26.3,2023,9
2023-09-10,0.0,8.481060185185186,83.33333333333333,29.666666666666668,33.8,26.9,2023,9
2023-09-11,0.0,5.477352777777778,86.66666666666667,28.933333333333334,33.0,26.7,2023,9
2023-09-12,0.0,5.847408333333334,85.0,28.833333333333332,32.3,26.8,2023,9
2023-09-13,0.0,7.385324074074074,80.66666666666667,29.0,33.8,26.6,2023,9
2023-09-14,0.0,5.564552777777777,85.33333333333333,28.166666666666668,31.9,26.4,2023,9
2023-09-15,0.03333333333333333,7.952202777777778,84.0,29.066666666666666,33.8,26.8,2023,9
2023-09-16,0.0,11.040363888888889,81.0,29.866666666666664,35.0,26.9,2023,9
2023-09-17,0.6333333333333333,10.624850925925927,80.66666666666667,30.133333333333336,36.1,25.9,2023,9
2023-09-18,0.7000000000000001,1.1909583333333333,87.33333333333333,27.599999999999998,31.3,25.7,2023,9
2023-09-19,0.0,3.2720342592592595,84.66666666666667,28.066666666666666,32.7,26.0,2023,9
2023-09-20,0.0,2.7078379629629628,88.0,27.53333333333333,31.7,25.9,2023,9
2023-09-21,0.0,3.937687037037037,87.66666666666667,27.933333333333334,32.6,26.0,2023,9
2023-09-22,0.0,9.071826851851851,87.0,28.2,31.3,26.0,2023,9
2023-09-23,0.0,10.489762037037037,86.33333333333333,28.46666666666667,32.7,26.1,2023,9
2023-09-24,0.0,10.491824074074074,85.66666666666667,28.400000000000002,32.8,25.9,2023,9
2023-09-25,0.0,10.143303703703703,84.66666666666667,29.0,33.8,26.2,2023,9
2023-09-26,0.03333333333333333,10.315585185185185,79.66666666666667,29.900000000000002,34.6,26.4,2023,9
2023-09-27,0.06666666666666667,8.119726851851851,83.66666666666667,29.633333333333336,33.5,26.3,2023,9
2023-09-28,0.0,9.986775,77.66666666666667,31.03333333333333,36.2,26.3,2023,9
2023-09-29,0.0,3.520567592592593,87.66666666666667,28.8,35.3,26.7,2023,9
2023-09-30,0.0,3.8144805555555554,84.0,28.266666666666666,32.4,26.3,2023,9
2023-10-01,0.0,8.430802777777778,84.33333333333333,28.46666666666667,33.3,26.2,2023,10
2023-10-02,0.0,7.03415,85.66666666666667,28.099999999999998,32.3,26.0,2023,10
2023-10-03,0.0,3.886161111111111,89.0,27.133333333333336,30.5,25.8,2023,10
2023-10-04,0.6333333333333333,3.923493518518518,89.66666666666667,27.333333333333332,31.5,25.9,2023,10
2023-10-05,0.5333333333333333,2.991198148148148,91.33333333333333,27.46666666666667,30.8,26.1,2023,10
2023-10-06,0.0,3.442725,89.66666666666667,27.833333333333332,31.1,25.8,2023,10
2023-10-07,0.0,9.981074074074074,87.0,28.166666666666668,31.7,25.4,2023,10
2023-10-08,0.0,9.937389814814814,85.66666666666667,28.333333333333332,32.5,25.7,2023,10
2023-10-09,0.0,10.200712962962962,85.66666666666667,28.733333333333334,32.8,26.1,2023,10
2023-10-10,0.0,10.347576851851853,82.0,29.233333333333334,33.7,25.6,2023,10
2023-10-11,0.0,10.604025925925926,82.33333333333333,28.866666666666664,33.7,25.2,2023,10
2023-10-12,0.0,6.993328703703703,83.0,28.333333333333332,34.5,25.2,2023,10
2023-10-13,0.0,10.592598148148147,79.33333333333333,28.7,34.1,25.1,2023,10
2023-10-14,0.0,10.53202962962963,77.66666666666667,28.366666666666664,33.6,24.1,2023,10
2023-10-15,0.0,10.25296574074074,78.33333333333333,28.266666666666666,33.3,23.6,2023,10
2023-10-16,0.0,10.360324074074073,77.0,28.03333333333333,33.3,23.2,2023,10
2023-10-17,0.0,10.72296759259259,77.66666666666667,27.766666666666666,33.7,21.7,2023,10
2023-10-18,0.0,10.692475000000002,78.33333333333333,27.733333333333334,33.2,22.2,2023,10
2023-10-19,0.0,10.720332407407406,76.0,27.866666666666664,32.7,23.0,2023,10
2023-10-20,0.0,10.712524074074075,73.66666666666667,27.599999999999998,32.9,22.7,2023,10
2023-10-21,0.0,10.704569444444445,75.0,27.833333333333332,33.7,22.7,2023,10
2023-10-22,0.03333333333333333,10.282876851851851,78.66666666666667,28.233333333333334,33.9,23.8,2023,10
2023-10-23,1.5333333333333332,3.7828268518518526,88.33333333333333,26.333333333333332,31.3,24.1,2023,10
2023-10-24,1.8,0.021460185185185183,88.33333333333333,25.46666666666667,28.2,23.8,2023,10
2023-10-25,0.0,8.749368518518517,82.66666666666667,26.733333333333334,31.8,23.3,2023,10
2023-10-26,0.0,10.253176851851853,80.66666666666667,27.0,31.8,23.4,2023,10
2023-10-27,0.0,10.48906574074074,76.66666666666667,27.099999999999998,31.9,22.7,2023,10
2023-10-28,0.0,10.620308333333332,72.0,26.900000000000002,31.9,21.6,2023,10
2023-10-29,0.0,10.603248148148147,71.33333333333333,26.333333333333332,32.3,21.4,2023,10
2023-10-30,0.0,10.554232407407406,73.33333333333333,26.5,32.6,21.5,2023,10
2023-10-31,0.0,9.826635185185184,75.33333333333333,27.5,33.6,21.9,2023,10
2023-11-01,0.0,10.397278703703703,76.0,28.46666666666667,34.2,23.2,2023,11
2023-11-02,0.0,10.142705555555557,76.66666666666667,28.066666666666666,33.9,23.2,2023,11
2023-11-03,0.0,10.313159259259258,74.66666666666667,27.566666666666666,33.6,23.3,2023,11
2023-11-04,0.0,10.279268518518519,77.33333333333333,27.133333333333336,32.7,23.3,2023,11
2023-11-05,0.0,10.249756481481482,75.0,26.866666666666664,32.7,22.0,2023,11
2023-11-06,0.0,10.445875,70.66666666666667,25.96666666666667,32.1,19.7,2023,11
2023-11-07,0.0,10.141462962962963,73.66666666666667,24.8,31.0,18.8,2023,11
2023-11-08,0.0,10.031363888888889,74.33333333333333,24.766666666666666,30.2,18.6,2023,11
2023-11-09,0.0,10.140889814814814,74.33333333333333,24.666666666666668,30.7,19.4,2023,11
2023-11-10,0.0,10.181221296296297,76.33333333333333,24.566666666666666,31.0,19.3,2023,11
2023-11-11,0.0,10.031988888888888,76.0,24.666666666666668,31.1,19.1,2023,11
2023-11-12,0.0,9.963412037037036,75.0,25.0,31.3,19.5,2023,11
2023-11-13,0.0,10.136776851851852,75.66666666666667,25.133333333333336,32.1,19.7,2023,11
2023-11-14,0.0,9.933575,76.0,25.96666666666667,33.0,19.9,2023,11
2023-11-15,0.5,5.535797222222222,76.33333333333333,26.53333333333333,32.5,21.0,2023,11
2023-11-16,9.7,0.0,92.66666666666667,24.266666666666666,27.1,23.1,2023,11
2023-11-17,52.46666666666666,0.0,92.66666666666667,22.73333333333333,25.4,20.7,2023,11
2023-11-18,0.0,9.826728703703703,85.0,24.133333333333336,28.3,20.7,2023,11
2023-11-19,0.0,9.837594444444445,81.33333333333333,25.099999999999998,30.8,20.8,2023,11
2023-11-20,0.0,9.31035185185185,82.33333333333333,25.53333333333333,30.6,20.9,2023,11
2023-11-21,0.03333333333333333,3.1412814814814816,84.0,24.2,28.6,20.8,2023,11
2023-11-22,0.0,9.818377777777778,76.33333333333333,23.733333333333334,28.9,18.4,2023,11
2023-11-23,0.0,9.947182407407409,77.66666666666667,22.766666666666666,28.6,17.1,2023,11
2023-11-24,0.0,9.78568888888889,78.0,22.866666666666664,29.3,16.8,2023,11
2023-11-25,0.0,9.802166666666666,74.33333333333333,22.96666666666667,29.6,17.5,2023,11
2023-11-26,0.0,9.84045,78.66666666666667,23.8,31.8,17.6,2023,11
2023-11-27,0.0,9.310128703703704,77.0,24.899999999999995,32.5,18.6,2023,11
2023-11-28,0.0,9.04961388888889,78.0,24.733333333333334,32.1,18.9,2023,11
2023-11-29,0.0,7.264409259259259,83.33333333333333,23.666666666666668,29.0,18.2,2023,11
2023-11-30,0.0,9.781087037037038,77.0,24.066666666666666,31.1,18.2,2023,11
2023-12-01,0.0,9.780830555555555,77.0,23.96666666666667,31.7,18.3,2023,12
2023-12-02,0.0,9.484292592592594,75.33333333333333,24.333333333333332,30.8,18.6,2023,12
2023-12-03,0.0,9.141228703703703,78.0,24.233333333333334,31.1,19.3,2023,12
2023-12-04,0.0,8.377394444444445,79.33333333333333,24.5,30.1,19.3,2023,12
2023-12-05,0.03333333333333333,1.8393305555555557,77.66666666666667,24.0,27.8,21.4,2023,12
2023-12-06,0.2333333333333333,3.054921296296296,80.66666666666667,23.733333333333334,27.5,20.9,2023,12
2023-12-07,6.033333333333334,5.294000925925926,88.66666666666667,22.46666666666667,28.9,19.2,2023,12
2023-12-08,0.0,4.96641388888889,90.0,22.133333333333336,26.4,18.2,2023,12
2023-12-09,0.0,9.795980555555557,82.33333333333333,21.933333333333334,27.2,17.4,2023,12
2023-12-10,0.0,9.80020925925926,79.33333333333333,20.766666666666666,26.2,16.4,2023,12
2023-12-11,0.0,9.195848148148148,82.33333333333333,19.900000000000002,25.5,15.6,2023,12
2023-12-12,0.0,9.809886111111112,84.66666666666667,20.0,25.0,15.9,2023,12
2023-12-13,0.0,9.815293518518518,76.33333333333333,19.866666666666667,25.5,13.6,2023,12
2023-12-14,0.0,9.722753703703704,72.66666666666667,18.96666666666667,26.0,13.4,2023,12
2023-12-15,0.0,9.493822222222223,77.0,18.666666666666668,25.6,13.3,2023,12
2023-12-16,0.0,9.181318518518518,81.66666666666667,18.766666666666666,25.6,13.0,2023,12
2023-12-17,0.0,9.273747222222221,79.66666666666667,18.933333333333334,26.6,12.4,2023,12
2023-12-18,0.0,9.055478703703704,76.66666666666667,19.7,27.6,12.4,2023,12
2023-12-19,0.0,9.620571296296296,76.0,19.633333333333336,27.5,13.1,2023,12
2023-12-20,0.0,9.861166666666668,78.0,19.8,27.8,13.7,2023,12
2023-12-21,0.0,9.423013888888889,79.66666666666667,19.866666666666667,27.0,13.5,2023,12
2023-12-22,0.0,9.165744444444444,81.66666666666667,20.233333333333334,26.7,14.3,2023,12
2023-12-23,0.0,5.919406481481481,82.66666666666667,20.5,28.2,14.6,2023,12
2023-12-24,0.0,9.205931481481482,83.0,20.966666666666665,27.7,16.1,2023,12
2023-12-25,0.0,9.304374074074074,83.66666666666667,20.633333333333333,26.9,16.5,2023,12
2023-12-26,0.0,9.365206481481481,83.33333333333333,20.566666666666666,27.4,16.2,2023,12
2023-12-27,0.0,9.103804629629629,80.33333333333333,20.599999999999998,28.3,15.5,2023,12
2023-12-28,0.0,9.907313888888888,76.0,20.733333333333334,28.7,15.4,2023,12
2023-12-29,0.0,9.685374074074074,73.33333333333333,20.900000000000002,29.0,15.0,2023,12
2023-12-30,0.0,9.919255555555557,68.0,21.566666666666663,29.7,14.9,2023,12
2023-12-31,0.0,10.017052777777778,67.33333333333333,21.333333333333332,29.8,14.5,2023,12
2024-01-01,0.0,9.98774074074074,76.33333333333333,20.533333333333335,29.6,14.8,2024,1
2024-01-02,0.0,9.86951574074074,83.0,18.7,27.0,13.9,2024,1
2024-01-03,0.0,9.935231481481482,84.33333333333333,18.7,26.3,13.9,2024,1
2024-01-04,0.0,9.464093518518519,85.0,18.733333333333334,26.4,14.3,2024,1
2024-01-05,0.0,9.117016666666666,82.0,18.8,25.7,13.5,2024,1
2024-01-06,0.0,9.338059259259259,78.0,19.266666666666666,25.9,13.2,2024,1
2024-01-07,0.0,9.814898148148147,75.0,19.866666666666667,27.3,14.3,2024,1
2024-01-08,0.0,9.942941666666668,78.0,19.566666666666666,27.1,13.9,2024,1
2024-01-09,0.0,9.94140462962963,83.0,18.433333333333334,26.2,13.2,2024,1
2024-01-10,0.0,9.88975462962963,82.0,18.166666666666668,25.4,13.3,2024,1
2024-01-11,0.0,9.939251851851852,78.0,17.866666666666667,25.7,12.3,2024,1
2024-01-12,0.0,9.938653703703705,82.33333333333333,16.46666666666667,22.1,12.2,2024,1
2024-01-13,0.0,9.783335185185186,82.66666666666667,16.566666666666666,23.0,11.2,2024,1
2024-01-14,0.0,9.440628703703704,87.33333333333333,16.3,22.2,12.0,2024,1
2024-01-15,0.0,9.485372222222221,84.33333333333333,16.066666666666666,21.3,12.1,2024,1
2024-01-16,0.0,9.332781481481481,84.0,15.733333333333334,21.8,10.7,2024,1
2024-01-17,0.0,9.304360185185185,81.33333333333333,16.3,23.7,10.0,2024,1
2024-01-18,2.6333333333333333,7.161549999999999,81.0,18.366666666666667,26.4,12.4,2024,1
2024-01-19,0.0,9.949807407407407,76.33333333333333,19.3,26.9,13.8,2024,1
2024-01-20,0.0,9.944177777777778,78.66666666666667,17.933333333333334,26.1,13.0,2024,1
2024-01-21,0.0,9.745710185185185,79.0,17.866666666666667,25.5,11.9,2024,1
2024-01-22,0.0,9.969059259259259,78.66666666666667,16.2,24.5,11.5,2024,1
2024-01-23,0.0,9.717065740740741,82.66666666666667,15.966666666666669,23.3,10.3,2024,1
2024-01-24,1.0666666666666667,5.417985185185185,80.66666666666667,17.633333333333333,22.6,11.8,2024,1
2024-01-25,0.03333333333333333,9.132550925925925,82.33333333333333,18.166666666666668,22.9,14.2,2024,1
2024-01-26,0.0,9.625599074074074,74.33333333333333,18.266666666666666,25.7,12.2,2024,1
2024-01-27,0.0,9.804344444444444,69.0,17.233333333333334,24.7,11.0,2024,1
2024-01-28,0.0,10.071086111111113,62.333333333333336,17.833333333333332,26.9,10.8,2024,1
2024-01-29,0.0,10.076579629629629,69.0,17.733333333333334,26.3,10.8,2024,1
2024-01-30,0.0,9.689237037037037,69.33333333333333,19.366666666666664,27.3,10.6,2024,1
2024-01-31,0.0,8.43118611111111,76.66666666666667,20.066666666666666,25.8,14.5,2024,1
2024-02-01,0.0,8.609189814814814,81.66666666666667,20.666666666666668,26.3,14.8,2024,2
2024-02-02,0.0,9.03921574074074,83.66666666666667,20.900000000000002,25.8,15.8,2024,2
2024-02-03,0.0,9.71478425925926,74.0,20.733333333333334,27.5,14.6,2024,2
2024-02-04,0.0,9.548514814814816,71.33333333333333,20.433333333333334,27.7,13.9,2024,2
2024-02-05,0.0,9.852267592592591,71.66666666666667,21.46666666666667,28.4,15.3,2024,2
2024-02-06,0.0,9.87585925925926,80.0,22.066666666666666,28.3,15.7,2024,2
2024-02-07,0.0,9.598862962962963,74.66666666666667,21.333333333333332,27.3,14.6,2024,2
2024-02-08,0.0,10.220441666666666,60.0,19.900000000000002,27.3,13.8,2024,2
2024-02-09,0.0,10.324795370370369,59.333333333333336,19.266666666666666,26.8,12.9,2024,2
2024-02-10,0.0,10.253104629629629,68.66666666666667,20.0,27.7,13.2,2024,2
2024-02-11,0.0,10.32662962962963,72.0,20.566666666666666,28.5,12.9,2024,2
2024-02-12,0.0,9.038260185185186,69.66666666666667,21.46666666666667,29.1,14.0,2024,2
2024-02-13,0.0,10.147084259259259,65.0,22.399999999999995,30.7,15.0,2024,2
2024-02-14,0.0,9.709361111111113,65.33333333333333,22.833333333333332,30.7,15.8,2024,2
2024-02-15,0.0,9.907380555555555,68.33333333333333,23.866666666666664,31.8,17.5,2024,2
2024-02-16,0.0,10.235526851851851,70.33333333333333,23.633333333333336,31.6,17.8,2024,2
2024-02-17,0.0,10.468417592592592,68.66666666666667,22.0,29.4,15.1,2024,2
2024-02-18,0.0,9.854091666666667,66.0,21.96666666666667,29.5,15.0,2024,2
2024-02-19,0.0,10.396873148148147,70.0,23.266666666666666,30.1,15.2,2024,2
2024-02-20,0.0,10.295310185185185,80.66666666666667,23.96666666666667,30.5,15.6,2024,2
2024-02-21,0.03333333333333333,9.583003703703705,81.0,24.933333333333334,32.1,20.9,2024,2
2024-02-22,0.4666666666666666,9.312589814814814,83.33333333333333,24.633333333333336,29.6,21.2,2024,2
2024-02-23,0.0,8.246184259259259,80.66666666666667,23.433333333333334,28.4,18.8,2024,2
2024-02-24,0.0,8.130358333333334,70.0,24.53333333333333,30.7,18.1,2024,2
2024-02-25,0.0,9.514697222222223,66.66666666666667,22.599999999999998,29.7,17.1,2024,2
2024-02-26,0.0,10.652323148148147,57.666666666666664,23.46666666666667,32.5,16.7,2024,2
2024-02-27,0.0,10.216445370370371,53.666666666666664,23.8,32.6,17.9,2024,2
2024-02-28,0.0,10.566241666666668,61.333333333333336,24.400000000000002,31.9,17.8,2024,2
2024-02-29,0.0,10.677316666666668,62.666666666666664,24.099999999999998,32.1,17.4,2024,2
2024-03-01,0.0,10.736018518518518,57.0,24.166666666666668,32.7,17.3,2024,3
2024-03-02,0.0,10.816390740740742,59.666666666666664,24.166666666666668,32.8,17.1,2024,3
2024-03-03,0.0,10.58591388888889,64.33333333333333,25.03333333333333,32.9,17.1,2024,3
2024-03-04,0.0,10.721112037037036,68.33333333333333,25.2,32.5,19.3,2024,3
2024-03-05,0.0,10.871019444444443,67.0,25.866666666666664,33.4,20.1,2024,3
2024-03-06,0.0,10.917305555555556,57.666666666666664,24.433333333333334,33.1,16.6,2024,3
2024-03-07,0.0,10.753780555555556,54.0,24.233333333333334,32.9,16.9,2024,3
2024-03-08,0.0,11.058642592592593,51.333333333333336,24.733333333333334,33.5,17.7,2024,3
2024-03-09,0.0,11.11140462962963,46.666666666666664,24.566666666666666,32.6,17.3,2024,3
2024-03-10,0.0,11.168432407407408,45.333333333333336,24.3,32.3,16.8,2024,3
2024-03-11,0.0,11.196998148148149,57.666666666666664,24.099999999999998,32.5,16.7,2024,3
2024-03-12,0.0,10.835986111111112,69.33333333333333,25.933333333333334,33.8,17.0,2024,3
2024-03-13,0.0,10.86047037037037,73.66666666666667,27.03333333333333,33.3,22.8,2024,3
2024-03-14,0.0,10.670444444444444,82.0,26.5,32.8,22.7,2024,3
2024-03-15,0.0,10.84896111111111,74.0,27.566666666666666,33.1,21.8,2024,3
2024-03-16,0.0,10.720586111111112,67.0,27.900000000000002,35.9,21.8,2024,3
2024-03-17,0.0,11.220210185185186,65.0,28.03333333333333,36.0,21.9,2024,3
2024-03-18,0.0,10.605702777777777,65.66666666666667,28.2,36.7,23.0,2024,3
2024-03-19,0.2333333333333333,10.05545648148148,67.66666666666667,27.666666666666668,35.1,22.8,2024,3
2024-03-20,1.1333333333333333,7.883915740740741,74.33333333333333,24.766666666666666,34.3,19.7,2024,3
2024-03-21,0.0,7.141972222222222,77.33333333333333,23.03333333333333,27.4,19.2,2024,3
2024-03-22,0.0,11.103039814814816,77.0,23.833333333333332,28.1,19.2,2024,3
2024-03-23,0.0,11.410713888888887,75.33333333333333,26.03333333333333,32.1,21.0,2024,3
2024-03-24,0.0,10.674005555555555,77.66666666666667,26.666666666666668,33.0,21.5,2024,3
2024-03-25,0.03333333333333333,10.111442592592594,78.33333333333333,26.766666666666666,33.6,22.2,2024,3
2024-03-26,0.0,10.546214814814816,71.33333333333333,27.166666666666668,35.8,21.8,2024,3
2024-03-27,0.0,10.70616111111111,76.33333333333333,27.46666666666667,34.5,22.5,2024,3
2024-03-28,0.0,6.017309259259259,83.0,26.266666666666666,31.5,22.5,2024,3
2024-03-29,0.0,9.042539814814814,80.66666666666667,27.5,32.2,22.9,2024,3
2024-03-30,0.0,10.242860185185185,80.0,28.8,34.1,24.7,2024,3
2024-03-31,0.0,10.181432407407407,80.0,28.133333333333336,32.8,25.6,2024,3
2024-04-01,0.0,11.263025925925925,75.0,29.833333333333332,37.5,25.8,2024,4
2024-04-02,0.0,11.620325925925926,78.33333333333333,29.333333333333332,35.7,26.2,2024,4
2024-04-03,0.0,11.525106481481481,76.33333333333333,29.833333333333332,35.8,25.8,2024,4
2024-04-04,0.0,11.589010185185186,76.66666666666667,29.8,36.2,25.9,2024,4
2024-04-05,0.0,11.07994074074074,78.66666666666667,30.166666666666668,35.3,26.4,2024,4
2024-04-06,0.0,11.262756481481482,78.0,30.53333333333333,37.2,26.7,2024,4
2024-04-07,0.0,9.730505555555554,79.33333333333333,29.400000000000002,34.0,25.0,2024,4
2024-04-08,0.0,9.050969444444444,66.0,29.166666666666668,36.2,22.5,2024,4
2024-04-09,0.0,11.536019444444443,59.333333333333336,29.666666666666668,37.3,22.7,2024,4
2024-04-10,0.0,10.389264814814814,60.333333333333336,29.433333333333334,39.3,23.3,2024,4
2024-04-11,0.0,10.030394444444445,58.333333333333336,30.133333333333336,40.0,23.2,2024,4
2024-04-12,0.0,11.846032407407408,55.333333333333336,30.633333333333336,38.0,24.8,2024,4
2024-04-13,0.0,11.88955925925926,55.666666666666664,31.03333333333333,39.2,25.2,2024,4
2024-04-14,0.0,11.67560462962963,59.0,31.233333333333334,39.2,24.1,2024,4
2024-04-15,0.0,11.917336111111112,61.666666666666664,31.53333333333333,39.3,25.3,2024,4
2024-04-16,0.0,10.729205555555557,70.0,30.933333333333334,38.8,25.3,2024,4
2024-04-17,0.0,10.66857037037037,78.66666666666667,30.433333333333334,38.2,25.6,2024,4
2024-04-18,0.0,10.766628703703702,76.66666666666667,30.066666666666666,37.1,26.1,2024,4
2024-04-19,0.0,11.917512962962961,71.66666666666667,31.399999999999995,40.9,26.7,2024,4
2024-04-20,0.0,11.926105555555557,71.66666666666667,31.599999999999998,41.5,27.5,2024,4
2024-04-21,0.0,10.695950000000002,74.66666666666667,31.599999999999998,39.7,27.5,2024,4
2024-04-22,0.0,10.287587037037037,75.33333333333333,31.46666666666667,39.6,27.4,2024,4
2024-04-23,0.0,11.551625000000001,72.33333333333333,31.400000000000002,39.2,26.7,2024,4
2024-04-24,0.0,11.83425925925926,70.66666666666667,31.566666666666666,39.9,26.8,2024,4
2024-04-25,0.0,11.664952777777778,73.0,31.666666666666668,40.7,26.8,2024,4
2024-04-26,0.0,11.666666666666666,73.33333333333333,31.53333333333333,39.9,27.4,2024,4
2024-04-27,0.0,11.876687962962961,73.33333333333333,31.666666666666668,39.3,27.1,2024,4
2024-04-28,0.0,11.975385185185184,72.0,32.233333333333334,40.5,27.2,2024,4
2024-04-29,0.0,11.977531481481483,72.33333333333333,32.26666666666667,41.1,28.1,2024,4
2024-04-30,0.0,11.979691666666668,74.0,32.233333333333334,40.9,27.8,2024,4
2024-05-01,0.0,11.393133333333333,71.66666666666667,32.2,40.4,28.5,2024,5
2024-05-02,0.0,11.153389814814815,76.33333333333333,30.5,37.0,24.4,2024,5
2024-05-03,0.0,11.163542592592592,74.66666666666667,30.53333333333333,39.1,24.7,2024,5
2024-05-04,0.0,11.143178703703704,74.66666666666667,30.666666666666668,36.6,26.2,2024,5
2024-05-05,0.0,11.816153703703705,73.0,29.833333333333332,36.8,23.2,2024,5
2024-05-06,10.933333333333332,6.469352777777778,81.0,27.133333333333336,34.8,23.0,2024,5
2024-05-07,0.0,7.61741388888889,73.0,27.96666666666667,33.3,22.7,2024,5
2024-05-08,0.20000000000000004,3.60455462962963,81.0,26.8,30.9,23.8,2024,5
2024-05-09,0.0,10.061481481481481,76.33333333333333,28.266666666666666,33.6,24.1,2024,5
2024-05-10,0.0,10.692886111111113,75.33333333333333,28.633333333333336,34.2,24.1,2024,5
2024-05-11,0.0,9.383740740740741,80.66666666666667,27.900000000000002,33.6,24.5,2024,5
2024-05-12,0.0,10.256696296296296,80.0,28.5,34.3,24.4,2024,5
2024-05-13,0.0,12.019956481481481,75.66666666666667,29.633333333333336,35.1,25.1,2024,5
2024-05-14,0.0,12.004452777777777,73.0,30.666666666666668,36.2,25.8,2024,5
2024-05-15,0.0,12.048324074074074,72.0,31.333333333333332,37.4,26.7,2024,5
2024-05-16,0.0,12.05644074074074,70.33333333333333,31.733333333333334,37.3,27.5,2024,5
2024-05-17,0.0,11.725389814814816,72.66666666666667,31.933333333333334,37.4,28.0,2024,5
2024-05-18,0.0,9.537252777777779,79.0,30.46666666666667,36.0,27.0,2024,5
2024-05-19,0.0,11.574201851851852,80.0,30.133333333333336,35.5,26.0,2024,5
2024-05-20,0.0,11.62084537037037,81.0,29.433333333333334,36.0,25.4,2024,5
2024-05-21,0.0,12.0,75.0,30.433333333333334,36.4,25.6,2024,5
2024-05-22,0.0,12.030087037037037,75.0,30.933333333333334,36.9,26.7,2024,5
2024-05-23,0.0,12.133762037037037,69.66666666666667,32.0,38.3,27.1,2024,5
2024-05-24,0.0,12.091001851851852,70.66666666666667,32.199999999999996,38.1,27.3,2024,5
2024-05-25,0.0,10.94151574074074,74.0,31.466666666666665,38.6,27.5,2024,5
2024-05-26,19.566666666666666,1.978873148148148,79.33333333333333,29.5,34.7,26.3,2024,5
2024-05-27,105.96666666666668,0.0,91.0,27.266666666666666,28.5,25.3,2024,5
2024-05-28,7.266666666666667,3.5773055555555557,88.66666666666667,28.96666666666667,33.5,25.2,2024,5
2024-05-29,0.0,9.774139814814815,83.0,30.633333333333336,34.9,27.7,2024,5
2024-05-30,0.0,11.864088888888888,80.33333333333333,30.866666666666664,35.2,28.4,2024,5
2024-05-31,0.0,11.445943518518519,80.0,30.599999999999998,34.6,27.8,2024,5
2024-06-01,0.0,12.035787037037037,78.33333333333333,31.03333333333333,36.0,27.4,2024,6
2024-06-02,0.0,11.151742592592592,82.66666666666667,29.8,34.3,25.9,2024,6
2024-06-03,0.0,10.399653703703704,83.33333333333333,28.933333333333334,32.9,26.0,2024,6
2024-06-04,0.0,11.625796296296295,82.66666666666667,29.599999999999998,34.0,26.1,2024,6
2024-06-05,0.0,12.015100925925926,79.0,30.866666666666664,35.0,27.2,2024,6
2024-06-06,0.0,11.890931481481482,79.33333333333333,30.733333333333334,35.4,27.0,2024,6
2024-06-07,0.0,11.362301851851852,82.66666666666667,30.0,35.1,26.4,2024,6
2024-06-08,0.0,11.139387962962964,79.66666666666667,30.53333333333333,34.8,26.4,2024,6
2024-06-09,0.0,11.647175925925927,80.66666666666667,30.766666666666666,35.6,27.5,2024,6
2024-06-10,0.0,11.544482407407408,81.0,30.8,35.3,27.9,2024,6
2024-06-11,0.0,10.052775925925927,77.66666666666667,31.233333333333334,36.8,27.0,2024,6
2024-06-12,0.03333333333333333,4.712293518518519,84.0,29.433333333333334,35.1,26.6,2024,6
2024-06-13,0.0,6.82113425925926,83.0,29.7,33.5,26.9,2024,6
2024-06-14,0.0,8.026471296296295,84.0,29.666666666666668,33.2,26.8,2024,6
2024-06-15,0.0,7.686749074074075,81.66666666666667,30.266666666666666,34.0,27.1,2024,6
2024-06-16,0.0,9.563653703703702,80.66666666666667,30.599999999999998,34.9,27.3,2024,6
2024-06-17,0.0,6.998480555555555,82.66666666666667,30.366666666666664,34.9,27.4,2024,6
2024-06-18,0.0,4.7374527777777775,82.33333333333333,30.2,34.4,26.7,2024,6
2024-06-19,0.16666666666666666,0.0,89.0,27.833333333333332,30.7,25.9,2024,6
2024-06-20,0.0,6.296381481481482,88.0,28.400000000000002,31.9,26.2,2024,6
2024-06-21,0.0,2.882191666666667,86.33333333333333,28.600000000000005,33.4,26.2,2024,6
2024-06-22,0.0,9.014392592592593,82.33333333333333,29.633333333333336,33.2,27.0,2024,6
2024-06-23,0.0,6.614928703703704,81.33333333333333,30.03333333333333,33.6,27.0,2024,6
2024-06-24,0.0,7.13645462962963,80.0,30.400000000000002,35.3,27.4,2024,6
2024-06-25,0.0,9.817386111111112,78.66666666666667,30.666666666666668,35.3,27.6,2024,6
2024-06-26,0.0,4.310551851851852,84.0,29.666666666666668,33.9,27.5,2024,6
2024-06-27,0.0,8.674019444444445,80.33333333333333,29.633333333333336,34.1,27.2,2024,6
2024-06-28,0.0,5.5377833333333335,85.0,28.900000000000002,33.2,27.0,2024,6
2024-06-29,0.0,1.426925925925926,88.66666666666667,28.333333333333332,30.8,26.6,2024,6
2024-06-30,0.7666666666666666,0.19522037037037035,91.0,28.099999999999998,30.7,26.7,2024,6
2024-07-01,4.8,0.0,94.0,27.599999999999998,29.6,26.4,2024,7
2024-07-02,3.1666666666666665,1.3959527777777776,92.66666666666667,27.599999999999998,31.0,25.9,2024,7
2024-07-03,2.566666666666667,0.3016055555555555,91.0,27.2,29.9,25.9,2024,7
2024-07-04,0.0,2.994855555555555,90.0,27.766666666666666,30.4,26.1,2024,7
2024-07-05,0.0,1.4437481481481482,90.66666666666667,27.666666666666668,29.7,26.1,2024,7
2024-07-06,0.0,5.916368518518518,86.33333333333333,28.5,32.0,26.3,2024,7
2024-07-07,0.0,6.329327777777778,83.0,29.366666666666664,33.3,26.9,2024,7
2024-07-08,0.0,7.123187962962963,82.66666666666667,29.46666666666667,33.0,27.1,2024,7
2024-07-09,0.0,6.266816666666666,85.0,29.099999999999998,32.9,26.5,2024,7
2024-07-10,0.0,6.891257407407408,84.33333333333333,29.066666666666666,33.4,26.1,2024,7
2024-07-11,0.0,5.803283333333333,86.66666666666667,28.633333333333336,33.9,26.2,2024,7
2024-07-12,0.0,5.025019444444445,89.0,27.733333333333334,29.8,26.1,2024,7
2024-07-13,0.0,6.92754537037037,84.33333333333333,29.099999999999998,32.8,26.2,2024,7
2024-07-14,0.0,10.044916666666666,78.66666666666667,30.133333333333336,35.1,27.1,2024,7
2024-07-15,0.0,9.10682962962963,77.66666666666667,30.133333333333336,35.0,27.4,2024,7
2024-07-16,0.0,4.630551851851852,81.33333333333333,29.733333333333334,33.9,27.5,2024,7
2024-07-17,0.0,9.524648148148147,78.66666666666667,30.53333333333333,34.5,27.0,2024,7
2024-07-18,0.0,9.034216666666667,78.66666666666667,30.599999999999998,35.5,27.2,2024,7
2024-07-19,0.0,9.394068518518518,77.0,30.066666666666666,35.0,27.1,2024,7
2024-07-20,0.0,9.143172222222223,79.33333333333333,29.599999999999998,33.6,27.3,2024,7
2024-07-21,0.03333333333333333,7.082082407407408,85.33333333333333,28.7,32.5,26.1,2024,7
2024-07-22,0.03333333333333333,4.005437962962962,87.0,28.099999999999998,31.7,26.3,2024,7
2024-07-23,0.0,6.748524074074074,87.0,28.133333333333336,31.2,26.3,2024,7
2024-07-24,0.0,8.674962037037037,86.33333333333333,28.900000000000002,33.0,26.6,2024,7
2024-07-25,0.0,9.71841574074074,82.0,29.599999999999998,34.4,26.9,2024,7
2024-07-26,0.43333333333333335,3.7086833333333336,82.66666666666667,29.233333333333334,34.1,27.2,2024,7
2024-07-27,0.0,6.27677962962963,81.33333333333333,29.53333333333333,33.8,27.1,2024,7
2024-07-28,0.0,8.889074074074074,80.33333333333333,29.8,34.3,27.0,2024,7
2024-07-29,0.0,5.603975925925925,83.66666666666667,28.833333333333332,33.7,26.4,2024,7
2024-07-30,0.0,3.593032407407408,87.0,28.566666666666666,32.5,26.5,2024,7
2024-07-31,1.3333333333333333,1.6919481481481482,89.66666666666667,27.933333333333334,32.7,25.7,2024,7
2024-08-01,23.3,0.0,93.0,26.8,29.2,25.5,2024,8
2024-08-02,2.433333333333333,0.0,93.0,26.96666666666667,28.9,25.4,2024,8
2024-08-03,0.0,2.8132055555555553,91.0,27.400000000000002,29.9,25.7,2024,8
2024-08-04,0.03333333333333333,3.7543777777777776,89.0,28.0,32.2,25.8,2024,8
2024-08-05,0.0,3.3125305555555555,87.66666666666667,28.3,31.8,26.1,2024,8
2024-08-06,0.0,5.121048148148148,85.0,28.400000000000002,32.6,26.0,2024,8
2024-08-07,0.0,4.833256481481482,85.33333333333333,28.233333333333334,31.9,26.1,2024,8
2024-08-08,0.0,1.831323148148148,87.66666666666667,27.633333333333336,29.9,25.9,2024,8
2024-08-09,0.6,5.976638888888888,87.66666666666667,27.933333333333334,30.8,25.9,2024,8
2024-08-10,0.0,6.373945370370371,88.66666666666667,27.900000000000002,30.5,26.2,2024,8
2024-08-11,0.0,7.931457407407407,89.66666666666667,28.166666666666668,31.1,26.2,2024,8
2024-08-12,0.0,5.576114814814815,88.33333333333333,28.5,32.4,26.3,2024,8
2024-08-13,0.0,8.393627777777779,86.33333333333333,28.900000000000002,33.4,26.5,2024,8
2024-08-14,0.0,9.97489074074074,84.0,29.333333333333332,34.1,26.7,2024,8
2024-08-15,0.0,10.050733333333334,82.33333333333333,29.333333333333332,34.5,26.7,2024,8
2024-08-16,1.5,2.070538888888889,88.0,27.566666666666666,32.7,25.7,2024,8
2024-08-17,2.8333333333333335,1.5215805555555555,91.0,26.633333333333336,29.1,25.5,2024,8
2024-08-18,4.0,1.785911111111111,90.0,27.133333333333336,30.9,25.5,2024,8
2024-08-19,3.433333333333333,0.0,92.66666666666667,26.666666666666668,28.7,25.5,2024,8
2024-08-20,0.19999999999999998,1.0382601851851851,91.66666666666667,27.3,30.6,25.5,2024,8
2024-08-21,0.03333333333333333,0.2613064814814815,92.66666666666667,27.333333333333332,29.1,25.8,2024,8
2024-08-22,0.3666666666666667,0.6010314814814816,92.33333333333333,27.2,29.3,25.5,2024,8
2024-08-23,0.9,0.11853703703703704,89.66666666666667,27.2,30.2,25.7,2024,8
2024-08-24,3.1999999999999997,2.97655462962963,88.66666666666667,27.366666666666664,31.3,24.9,2024,8
2024-08-25,13.233333333333334,0.04258240740740741,91.0,26.266666666666666,30.4,24.6,2024,8
2024-08-26,7.366666666666667,0.1725648148148148,91.0,26.566666666666666,28.3,24.5,2024,8
2024-08-27,0.0,8.732227777777778,86.0,28.133333333333336,31.3,26.0,2024,8
2024-08-28,0.0,8.704474074074072,85.33333333333333,28.46666666666667,32.4,26.2,2024,8
2024-08-29,0.0,9.225935185185184,80.0,29.400000000000002,34.2,25.9,2024,8
2024-08-30,0.0,10.24193611111111,79.0,29.8,34.6,26.2,2024,8
2024-08-31,0.0,9.787980555555556,80.66666666666667,29.366666666666664,33.6,26.7,2024,8
2024-09-01,0.0,7.130755555555556,81.66666666666667,29.133333333333336,33.4,26.7,2024,9
2024-09-02,0.0,6.024127777777778,84.0,29.233333333333334,33.5,26.6,2024,9
2024-09-03,0.0,5.962333333333333,84.0,29.0,32.9,26.5,2024,9
2024-09-04,0.0,9.896846296296296,81.66666666666667,29.566666666666666,33.9,26.6,2024,9
2024-09-05,0.0,6.051632407407407,82.66666666666667,29.566666666666666,33.3,26.5,2024,9
2024-09-06,0.0,7.417179629629629,83.0,29.766666666666666,34.2,26.5,2024,9
2024-09-07,0.03333333333333333,9.727308333333333,80.66666666666667,30.03333333333333,34.3,26.4,2024,9
2024-09-08,0.0,10.856018518518518,79.33333333333333,30.133333333333336,34.7,26.6,2024,9
2024-09-09,0.0,10.77636111111111,80.33333333333333,29.833333333333332,34.2,27.2,2024,9
2024-09-10,0.0,9.096622222222221,80.66666666666667,29.766666666666666,33.9,27.3,2024,9
2024-09-11,0.0,7.4061972222222225,83.33333333333333,29.666666666666668,34.3,27.0,2024,9
2024-09-12,2.533333333333333,5.654806481481482,85.33333333333333,29.233333333333334,34.5,24.6,2024,9
2024-09-13,38.53333333333333,2.343662037037037,85.66666666666667,27.5,34.6,24.9,2024,9
2024-09-14,20.166666666666668,0.0,91.0,26.3,27.4,25.5,2024,9
2024-09-15,0.39999999999999997,0.20928055555555555,89.0,26.866666666666664,30.1,25.6,2024,9
2024-09-16,0.0,6.924841666666667,84.0,28.400000000000002,33.0,25.8,2024,9
2024-09-17,0.0,11.114760185185185,81.33333333333333,29.433333333333334,34.3,26.1,2024,9
2024-09-18,0.0,8.908512037037037,80.33333333333333,30.133333333333336,34.7,26.6,2024,9
2024-09-19,0.0,10.745463888888887,80.0,30.866666666666664,35.7,26.6,2024,9
2024-09-20,0.0,11.161562962962963,77.66666666666667,31.666666666666668,36.4,26.9,2024,9
2024-09-21,0.0,8.763953703703704,84.33333333333333,29.933333333333334,35.4,26.5,2024,9
2024-09-22,0.0,10.73336111111111,80.66666666666667,30.8,35.6,26.2,2024,9
2024-09-23,0.03333333333333333,3.566313888888889,85.33333333333333,29.599999999999998,34.2,27.3,2024,9
2024-09-24,0.03333333333333333,4.521983333333333,83.33333333333333,28.833333333333332,33.7,26.5,2024,9
2024-09-25,6.433333333333334,0.1270462962962963,91.0,26.599999999999998,28.9,25.5,2024,9
2024-09-26,0.0,6.394387962962963,87.33333333333333,27.666666666666668,32.6,25.6,2024,9
2024-09-27,0.0,9.88506574074074,85.0,28.46666666666667,33.2,25.6,2024,9
2024-09-28,0.0,9.177032407407408,83.33333333333333,29.133333333333336,33.2,26.3,2024,9
2024-09-29,0.0,10.30143425925926,82.0,29.733333333333334,34.2,26.6,2024,9
2024-09-30,0.0,5.893645370370369,83.33333333333333,29.5,35.0,26.5,2024,9
2024-10-01,0.0,3.034624074074074,85.66666666666667,28.633333333333336,33.3,26.5,2024,10
2024-10-02,4.866666666666666,1.4362787037037037,89.33333333333333,28.066666666666666,33.7,25.5,2024,10
2024-10-03,8.833333333333334,0.25635555555555556,91.66666666666667,26.53333333333333,28.7,25.5,2024,10
2024-10-04,0.5,1.7104370370370372,89.0,27.133333333333336,29.8,25.6,2024,10
2024-10-05,0.0,3.2605574074074077,89.33333333333333,27.233333333333334,31.6,25.4,2024,10
2024-10-06,0.0,9.950423148148149,84.66666666666667,28.366666666666664,33.1,25.7,2024,10
2024-10-07,0.0,9.933928703703705,84.33333333333333,28.666666666666668,32.9,25.8,2024,10
2024-10-08,0.0,9.70009537037037,83.66666666666667,28.53333333333333,33.0,25.1,2024,10
2024-10-09,0.0,9.02858425925926,83.0,28.333333333333332,33.5,25.3,2024,10
2024-10-10,0.0,8.441794444444445,84.33333333333333,28.266666666666666,33.3,24.9,2024,10
2024-10-11,0.0,8.758337037037037,83.0,28.666666666666668,33.8,24.7,2024,10
2024-10-12,0.0,8.309368518518518,82.33333333333333,28.733333333333334,33.3,25.1,2024,10
2024-10-13,0.0,10.759567592592594,78.66666666666667,29.400000000000002,34.1,25.6,2024,10
2024-10-14,0.0,10.665879629629629,77.33333333333333,29.333333333333332,34.4,25.4,2024,10
2024-10-15,0.0,10.62047962962963,77.66666666666667,29.166666666666668,33.8,24.5,2024,10
2024-10-16,0.0,10.216810185185185,80.33333333333333,28.53333333333333,33.8,24.9,2024,10
2024-10-17,0.0,8.734022222222222,82.66666666666667,28.066666666666663,33.3,24.6,2024,10
2024-10-18,0.0,8.691087037037036,82.33333333333333,28.03333333333333,34.3,24.8,2024,10
2024-10-19,0.0,8.729622222222224,85.33333333333333,27.7,32.6,24.7,2024,10
2024-10-20,0.0,10.553099999999999,77.66666666666667,27.866666666666664,33.2,23.8,2024,10
2024-10-21,0.0,10.684449074074074,77.0,28.266666666666666,33.1,23.7,2024,10
2024-10-22,0.0,10.687707407407407,76.66666666666667,29.566666666666666,34.6,25.0,2024,10
2024-10-23,0.5,1.134435185185185,86.33333333333333,27.599999999999998,31.0,25.2,2024,10
2024-10-24,0.0,2.9899175925925925,87.0,26.5,32.0,23.7,2024,10
2024-10-25,0.0,8.078969444444445,84.0,27.633333333333336,32.0,23.7,2024,10
2024-10-26,0.0,10.066248148148148,82.66666666666667,28.166666666666668,33.0,25.0,2024,10
2024-10-27,0.0,10.087441666666665,79.33333333333333,28.7,33.5,25.1,2024,10
2024-10-28,0.0,10.454973148148149,77.33333333333333,28.96666666666667,34.3,25.0,2024,10
2024-10-29,0.0,10.20648148148148,80.66666666666667,28.5,33.6,24.6,2024,10
2024-10-30,0.0,10.16593611111111,81.0,28.400000000000002,33.8,24.6,2024,10
2024-10-31,0.0,10.328939814814815,81.66666666666667,28.266666666666666,33.1,24.6,2024,10
2024-11-01,0.0,10.334802777777778,79.0,28.0,33.1,23.6,2024,11
2024-11-02,0.0,10.40042962962963,72.66666666666667,27.53333333333333,32.9,23.0,2024,11
2024-11-03,0.0,10.489612962962964,76.66666666666667,27.166666666666668,33.2,23.2,2024,11
2024-11-04,0.0,10.272344444444444,76.66666666666667,27.599999999999998,32.9,23.3,2024,11
2024-11-05,0.0,9.326836111111112,81.0,27.2,32.9,23.5,2024,11
2024-11-06,0.0,9.88149074074074,79.0,26.2,31.0,22.0,2024,11
2024-11-07,0.0,10.109339814814817,79.33333333333333,25.96666666666667,31.7,21.3,2024,11
2024-11-08,0.0,10.00635925925926,77.0,26.099999999999998,31.7,21.4,2024,11
2024-11-09,0.0,10.24437037037037,75.33333333333333,25.933333333333334,32.0,21.0,2024,11
2024-11-10,0.0,9.51865462962963,75.0,26.866666666666664,32.3,21.8,2024,11
2024-11-11,0.0,9.892753703703704,75.33333333333333,27.133333333333336,32.6,22.1,2024,11
2024-11-12,0.0,9.948451851851852,73.66666666666667,26.8,32.8,21.4,2024,11
2024-11-13,0.0,10.127064814814815,71.0,26.099999999999998,33.1,20.6,2024,11
2024-11-14,0.0,10.218,70.66666666666667,25.333333333333332,32.8,19.8,2024,11
2024-11-15,0.0,10.186706481481481,72.66666666666667,24.53333333333333,31.7,19.7,2024,11
2024-11-16,0.0,10.08412962962963,71.66666666666667,24.166666666666668,30.9,18.5,2024,11
2024-11-17,0.0,9.975774074074074,70.66666666666667,23.5,30.2,17.7,2024,11
2024-11-18,0.0,9.976948148148148,72.66666666666667,23.433333333333334,30.7,17.3,2024,11
2024-11-19,0.0,9.895322222222223,75.0,23.5,31.7,17.3,2024,11
2024-11-20,0.0,9.849775000000001,74.0,23.566666666666666,31.2,16.5,2024,11
2024-11-21,0.0,9.650222222222224,72.0,23.599999999999998,30.8,16.9,2024,11
2024-11-22,0.0,9.482612962962962,72.33333333333333,22.8,30.4,17.4,2024,11
2024-11-23,0.0,9.657026851851851,70.0,22.900000000000002,29.6,17.4,2024,11
2024-11-24,0.0,9.875398148148149,72.33333333333333,22.666666666666668,28.9,17.5,2024,11
2024-11-25,0.0,9.829560185185185,73.66666666666667,22.099999999999998,28.4,16.9,2024,11
2024-11-26,0.0,9.81396111111111,74.33333333333333,21.900000000000002,28.5,16.5,2024,11
2024-11-27,0.0,9.607213888888888,75.66666666666667,22.233333333333334,28.8,16.5,2024,11
2024-11-28,0.0,9.233337037037037,74.33333333333333,23.96666666666667,30.7,17.5,2024,11
2024-11-29,0.0,9.409837962962962,73.33333333333333,25.266666666666666,31.6,19.6,2024,11
2024-11-30,2.066666666666667,8.054800925925926,74.33333333333333,24.73333333333333,31.9,19.9,2024,11
2024-12-01,0.0,9.263905555555557,70.66666666666667,25.100000000000005,32.3,20.1,2024,12
2024-12-02,0.0,7.755525925925927,68.0,24.266666666666666,29.9,18.7,2024,12
2024-12-03,0.0,9.000726851851852,70.66666666666667,23.733333333333334,31.1,17.2,2024,12
2024-12-04,0.0,9.8052,67.33333333333333,22.433333333333334,31.5,16.2,2024,12
2024-12-05,0.0,9.791953703703703,71.33333333333333,21.599999999999998,28.8,15.5,2024,12
2024-12-06,0.0,9.199097222222223,66.0,20.866666666666667,28.4,14.5,2024,12
2024-12-07,0.0,9.814026851851851,67.0,19.833333333333332,27.1,13.1,2024,12
2024-12-08,0.0,9.560964814814815,69.66666666666667,19.733333333333334,28.3,13.2,2024,12
2024-12-09,0.0,9.669575,73.0,20.8,28.1,12.7,2024,12
2024-12-10,0.0,9.812143518518518,75.66666666666667,20.8,28.2,15.6,2024,12
2024-12-11,0.0,9.810513888888888,72.66666666666667,19.03333333333333,26.0,13.9,2024,12
2024-12-12,0.0,9.796891666666667,80.0,18.433333333333334,26.1,13.6,2024,12
2024-12-13,0.0,9.598532407407406,83.66666666666667,18.400000000000002,25.3,13.9,2024,12
2024-12-14,0.0,9.709216666666668,80.66666666666667,18.533333333333335,25.0,13.1,2024,12
2024-12-15,0.0,9.680053703703704,76.66666666666667,18.7,27.7,11.9,2024,12
2024-12-16,0.0,8.989690740740741,73.33333333333333,19.7,30.0,11.5,2024,12
2024-12-17,0.0,9.213799074074075,70.0,22.266666666666666,30.0,14.1,2024,12
2024-12-18,0.0,8.585825,70.0,21.933333333333334,29.7,15.0,2024,12
2024-12-19,0.0,9.857865740740742,71.33333333333333,20.966666666666665,30.4,14.3,2024,12
2024-12-20,0.0,8.945887962962962,69.33333333333333,21.2,29.7,15.1,2024,12
2024-12-21,2.9,0.12906851851851853,81.0,18.966666666666665,23.1,14.0,2024,12
2024-12-22,0.0,9.455161111111112,73.0,20.433333333333334,28.9,14.0,2024,12
2024-12-23,0.0,9.880539814814815,70.0,20.666666666666668,29.6,14.7,2024,12
2024-12-24,0.0,9.80516388888889,70.33333333333333,20.8,28.8,14.4,2024,12
2024-12-25,0.0,4.693319444444445,71.33333333333333,20.833333333333332,26.1,15.5,2024,12
2024-12-26,0.0,9.867087962962962,66.66666666666667,21.599999999999998,31.0,14.8,2024,12
2024-12-27,0.0,9.906925000000001,67.33333333333333,20.7,29.4,14.8,2024,12
2024-12-28,0.0,9.747985185185186,74.66666666666667,20.233333333333334,28.5,14.2,2024,12
2024-12-29,0.0,9.391728703703704,74.0,20.76666666666667,28.5,14.1,2024,12
2024-12-30,0.0,9.922203703703703,71.66666666666667,21.3,28.8,14.9,2024,12
2024-12-31,0.0,9.925803703703705,75.0,19.466666666666665,26.8,14.3,2024,12
2025-01-01,0.0,9.929750925925925,81.66666666666667,18.766666666666666,25.4,13.8,2025,1
2025-01-02,0.0,9.934039814814815,84.66666666666667,17.666666666666668,24.2,13.1,2025,1
2025-01-03,0.0,9.936930555555556,85.0,17.633333333333333,24.3,13.4,2025,1
2025-01-04,0.0,9.372396296296296,86.33333333333333,18.266666666666666,24.3,13.4,2025,1
2025-01-05,0.0,8.892282407407407,84.33333333333333,19.8,27.6,12.7,2025,1
2025-01-06,0.0,9.342269444444444,80.33333333333333,21.2,29.7,14.3,2025,1
2025-01-07,0.0,9.550671296296295,79.0,20.633333333333333,28.3,15.4,2025,1
2025-01-08,0.0,9.47045,81.33333333333333,18.833333333333332,26.0,13.3,2025,1
2025-01-09,0.0,9.94095277777778,78.0,17.733333333333334,24.6,13.0,2025,1
2025-01-10,0.0,9.940137962962963,76.0,18.5,26.7,12.4,2025,1
2025-01-11,0.0,9.939567592592594,74.0,19.666666666666668,29.6,12.9,2025,1
2025-01-12,0.0,9.628317592592593,73.0,20.466666666666665,30.2,12.6,2025,1
2025-01-13,0.0,9.734676851851852,74.33333333333333,20.066666666666666,28.9,12.8,2025,1
2025-01-14,0.0,9.528387037037037,71.66666666666667,20.233333333333334,28.5,12.9,2025,1
2025-01-15,0.0,9.93973148148148,72.0,20.599999999999998,28.8,14.7,2025,1
2025-01-16,0.0,9.94202037037037,72.33333333333333,21.233333333333334,30.0,15.1,2025,1
2025-01-17,0.0,9.942462037037037,71.66666666666667,21.099999999999998,29.9,14.6,2025,1
2025-01-18,0.0,9.943102777777778,72.66666666666667,20.733333333333334,29.1,15.2,2025,1
2025-01-19,0.0,9.959613888888889,66.66666666666667,20.166666666666668,28.7,13.5,2025,1
2025-01-20,0.0,9.670665740740741,73.0,19.133333333333336,27.8,12.7,2025,1
2025-01-21,0.0,9.960975925925927,76.66666666666667,19.466666666666665,26.7,13.0,2025,1
2025-01-22,0.0,9.321767592592593,77.66666666666667,19.96666666666667,29.1,13.0,2025,1
2025-01-23,0.0,9.955006481481481,77.66666666666667,19.599999999999998,28.4,13.8,2025,1
2025-01-24,0.0,9.657471296296295,76.33333333333333,19.933333333333334,28.6,13.5,2025,1
2025-01-25,0.0,9.87339074074074,70.66666666666667,20.3,29.1,13.9,2025,1
2025-01-26,0.0,10.00516111111111,68.66666666666667,19.3,27.7,13.1,2025,1
2025-01-27,0.0,10.022121296296296,74.66666666666667,18.900000000000002,26.2,13.1,2025,1
2025-01-28,0.0,9.682466666666667,73.66666666666667,19.233333333333334,26.4,12.7,2025,1
2025-01-29,0.0,9.424214814814816,73.33333333333333,19.766666666666666,27.0,12.6,2025,1
2025-01-30,0.0,9.661525925925927,78.0,21.366666666666664,27.4,12.7,2025,1
2025-01-31,0.0,9.643610185185183,83.66666666666667,22.566666666666666,27.3,17.5,2025,1
2025-02-01,0.0,9.775394444444444,82.66666666666667,23.099999999999998,28.7,18.1,2025,2
2025-02-02,0.0,9.722775925925925,82.0,23.133333333333336,28.5,18.0,2025,2
2025-02-03,0.0,9.616908333333333,69.66666666666667,22.7,30.2,16.5,2025,2
2025-02-04,0.0,10.175491666666666,69.33333333333333,21.266666666666666,29.1,15.1,2025,2
2025-02-05,0.0,10.082100925925927,74.33333333333333,21.733333333333334,28.9,15.1,2025,2
2025-02-06,0.0,9.437037962962963,76.33333333333333,23.099999999999998,29.9,15.4,2025,2
2025-02-07,0.0,10.280928703703703,63.0,21.333333333333332,30.2,14.5,2025,2
2025-02-08,0.0,10.291598148148148,57.0,20.533333333333335,29.6,13.9,2025,2
2025-02-09,0.0,10.293143518518518,64.0,19.933333333333334,28.2,12.5,2025,2
2025-02-10,0.0,9.992949074074074,68.0,21.233333333333334,29.7,12.5,2025,2
2025-02-11,0.0,9.811501851851853,79.0,22.900000000000002,29.5,15.3,2025,2
2025-02-12,0.0,10.029112962962962,80.0,24.0,29.8,19.1,2025,2
2025-02-13,0.0,10.13043888888889,80.33333333333333,24.666666666666668,29.9,19.1,2025,2
2025-02-14,0.0,10.420016666666667,63.0,22.7,29.2,15.9,2025,2
2025-02-15,0.0,10.451133333333333,63.0,22.599999999999998,31.0,15.1,2025,2
2025-02-16,0.0,10.176775,67.33333333333333,23.8,31.6,16.2,2025,2
2025-02-17,0.0,10.071052777777778,67.33333333333333,24.5,32.5,18.3,2025,2
2025-02-18,0.0,10.284367592592593,72.66666666666667,24.3,32.3,17.2,2025,2
2025-02-19,0.0,9.970923148148147,77.33333333333333,24.066666666666666,31.7,18.9,2025,2
2025-02-20,0.0,9.806418518518518,72.66666666666667,24.7,34.2,18.5,2025,2
2025-02-21,0.0,10.492575,71.33333333333333,24.599999999999998,32.4,18.1,2025,2
2025-02-22,0.0,9.527564814814815,67.33333333333333,25.233333333333334,33.9,18.0,2025,2
2025-02-23,0.0,9.908947222222222,69.33333333333333,24.433333333333334,32.6,18.3,2025,2
2025-02-24,0.0,10.454570370370371,62.666666666666664,24.833333333333332,32.9,17.9,2025,2
2025-02-25,0.0,10.445060185185184,57.333333333333336,24.866666666666664,33.2,17.9,2025,2
2025-02-26,0.0,10.322904629629631,56.0,24.2,32.2,17.4,2025,2
2025-02-27,0.0,10.594422222222223,63.333333333333336,24.233333333333334,32.0,17.0,2025,2
2025-02-28,0.0,10.494259259259259,69.33333333333333,24.933333333333334,31.5,18.1,2025,2
2025-03-01,0.0,10.532559259259259,73.33333333333333,26.166666666666668,32.3,20.0,2025,3
2025-03-02,0.0,10.735749074074073,73.0,27.066666666666666,33.7,21.1,2025,3
2025-03-03,0.0,9.892512037037037,71.66666666666667,26.566666666666666,33.2,21.0,2025,3
2025-03-04,0.0,10.649300925925926,62.0,26.133333333333336,33.0,19.9,2025,3
2025-03-05,0.0,10.715414814814816,62.666666666666664,25.833333333333332,32.8,18.8,2025,3
2025-03-06,0.0,10.805073148148148,59.666666666666664,24.633333333333336,32.9,17.1,2025,3
2025-03-07,0.0,10.92247962962963,55.0,23.96666666666667,32.0,17.2,2025,3
2025-03-08,0.0,10.970862962962963,65.33333333333333,24.7,32.0,16.4,2025,3
2025-03-09,0.0,10.8943,67.0,26.3,33.9,19.6,2025,3
2025-03-10,0.0,11.044568518518519,58.0,26.866666666666664,34.3,19.7,2025,3
2025-03-11,0.0,11.00804351851852,64.66666666666667,26.566666666666666,33.9,18.0,2025,3
2025-03-12,0.0,10.990370370370371,67.33333333333333,27.166666666666668,34.3,20.2,2025,3
2025-03-13,0.0,10.78527314814815,76.66666666666667,27.933333333333334,35.0,22.4,2025,3
2025-03-14,0.0,10.751324074074075,77.66666666666667,28.133333333333336,34.5,24.2,2025,3
2025-03-15,0.0,10.861067592592592,77.33333333333333,28.266666666666666,34.1,24.2,2025,3
2025-03-16,0.0,10.760087037037037,76.0,28.7,36.0,24.4,2025,3
2025-03-17,0.0,10.583525925925926,76.66666666666667,28.366666666666664,34.8,24.0,2025,3
2025-03-18,0.0,10.840539814814813,72.66666666666667,28.133333333333336,34.1,23.2,2025,3
2025-03-19,0.0,11.020528703703704,71.0,28.53333333333333,35.6,22.0,2025,3
2025-03-20,0.0,11.05583611111111,76.0,27.900000000000002,33.0,24.2,2025,3
2025-03-21,0.3666666666666667,7.686787037037038,65.0,26.96666666666667,33.8,21.9,2025,3
2025-03-22,0.06666666666666667,5.81310462962963,65.66666666666667,25.46666666666667,33.8,20.5,2025,3
2025-03-23,0.0,11.17122685185185,62.666666666666664,26.23333333333333,33.5,20.7,2025,3
2025-03-24,0.0,11.481794444444445,55.0,26.7,34.7,19.8,2025,3
2025-03-25,0.0,11.503786111111111,57.666666666666664,26.900000000000002,34.3,20.2,2025,3
2025-03-26,0.0,11.525537962962964,62.666666666666664,28.03333333333333,34.9,20.1,2025,3
2025-03-27,0.0,11.090627777777778,72.0,28.866666666666664,35.0,22.5,2025,3
2025-03-28,0.0,11.568871296296296,72.66666666666667,29.433333333333334,37.1,24.3,2025,3
2025-03-29,0.0,11.310824074074075,74.33333333333333,29.666666666666668,38.3,24.6,2025,3
2025-03-30,0.0,11.11699351851852,73.33333333333333,29.366666666666664,36.5,24.3,2025,3
2025-03-31,0.0,11.392437962962964,74.0,29.266666666666666,34.6,24.5,2025,3
2025-04-01,0.0,11.467275,74.0,28.733333333333334,34.5,24.7,2025,4
2025-04-02,0.0,11.628783333333333,75.0,28.8,34.3,24.4,2025,4
2025-04-03,0.0,11.56159074074074,73.66666666666667,29.400000000000002,35.1,24.2,2025,4
2025-04-04,0.0,11.619702777777777,73.33333333333333,29.46666666666667,34.7,25.2,2025,4
2025-04-05,0.0,11.19780462962963,75.33333333333333,28.96666666666667,35.2,25.0,2025,4
2025-04-06,0.26666666666666666,10.933546296296297,72.66666666666667,29.133333333333336,34.9,24.2,2025,4
2025-04-07,0.0,11.693686111111111,67.33333333333333,29.566666666666666,36.0,23.1,2025,4
2025-04-08,0.0,11.400090740740742,69.33333333333333,29.100000000000005,35.1,24.4,2025,4
2025-04-09,0.0,11.822871296296297,63.333333333333336,29.400000000000002,35.9,23.9,2025,4
2025-04-10,0.0,11.575342592592591,65.66666666666667,28.900000000000002,35.0,23.7,2025,4
2025-04-11,0.0,11.713214814814814,72.66666666666667,28.266666666666666,33.7,23.4,2025,4
2025-04-12,0.0,11.698760185185185,72.33333333333333,29.3,34.8,24.2,2025,4
2025-04-13,0.0,11.628174999999999,70.66666666666667,29.933333333333334,36.9,25.1,2025,4
2025-04-14,0.0,11.696707407407407,69.0,30.03333333333333,35.9,25.1,2025,4
2025-04-15,0.0,11.804635185185186,74.33333333333333,28.400000000000002,33.6,24.1,2025,4
2025-04-16,0.0,10.941698148148149,79.33333333333333,27.3,33.1,22.9,2025,4
2025-04-17,0.0,8.86958425925926,80.33333333333333,26.7,32.7,22.7,2025,4
2025-04-18,0.0,10.971886111111111,80.66666666666667,27.099999999999998,32.1,23.0,2025,4
2025-04-19,0.0,11.536746296296295,82.33333333333333,27.166666666666668,31.2,23.9,2025,4
2025-04-20,0.0,11.86684537037037,80.66666666666667,28.7,33.0,24.7,2025,4
2025-04-21,0.0,9.774098148148148,82.66666666666667,29.0,33.2,25.7,2025,4
2025-04-22,0.0,11.588010185185185,79.66666666666667,29.7,34.8,26.0,2025,4
2025-04-23,0.0,11.845478703703703,78.66666666666667,30.166666666666668,36.0,27.0,2025,4
2025-04-24,0.0,11.918432407407408,78.33333333333333,30.03333333333333,35.5,27.2,2025,4
2025-04-25,0.0,11.920255555555554,77.33333333333333,30.133333333333336,34.6,26.9,2025,4
2025-04-26,0.0,11.954066666666668,76.0,30.099999999999998,35.7,26.4,2025,4
2025-04-27,0.0,11.683698148148148,75.0,29.900000000000002,34.5,26.5,2025,4
2025-04-28,0.03333333333333333,7.474897222222222,79.66666666666667,27.333333333333332,33.9,22.8,2025,4
2025-04-29,0.0,11.083873148148149,74.33333333333333,27.099999999999998,33.8,22.4,2025,4
2025-04-30,0.0,10.932374074074074,76.66666666666667,27.599999999999998,32.7,23.3,2025,4
2025-05-01,0.0,11.986964814814813,71.33333333333333,28.066666666666666,34.6,22.9,2025,5
2025-05-02,0.0,11.995368518518518,73.33333333333333,28.03333333333333,33.7,22.8,2025,5
2025-05-03,0.0,12.005275925925924,75.33333333333333,28.233333333333334,33.0,23.8,2025,5
2025-05-04,0.0,11.987701851851853,77.0,28.333333333333332,33.2,24.7,2025,5
2025-05-05,0.0,11.98989074074074,74.66666666666667,29.133333333333336,33.9,25.0,2025,5
2025-05-06,0.0,11.795470370370369,77.33333333333333,29.03333333333333,34.3,24.8,2025,5
2025-05-07,0.0,12.000636111111112,73.33333333333333,29.866666666666664,34.7,24.7,2025,5
2025-05-08,0.0,11.661044444444444,72.33333333333333,30.933333333333334,36.1,26.1,2025,5
2025-05-09,0.0,12.01254537037037,71.33333333333333,31.73333333333333,37.4,26.1,2025,5
2025-05-10,0.0,11.909616666666667,72.66666666666667,32.1,38.7,27.5,2025,5
2025-05-11,0.0,11.982125925925926,73.0,31.8,37.9,26.8,2025,5
2025-05-12,0.0,9.567514814814814,75.66666666666667,30.066666666666666,35.1,25.9,2025,5
2025-05-13,0.0,3.8771138888888887,79.66666666666667,29.833333333333332,35.0,26.5,2025,5
2025-05-14,0.0,11.88066574074074,73.66666666666667,31.2,37.0,27.1,2025,5
2025-05-15,0.0,11.08777962962963,75.66666666666667,30.833333333333332,35.5,27.2,2025,5
2025-05-16,0.0,11.834240740740741,76.0,30.5,35.0,27.1,2025,5
2025-05-17,0.0,11.972289814814815,75.66666666666667,30.166666666666668,34.7,26.6,2025,5
2025-05-18,0.0,11.62258148148148,79.33333333333333,29.03333333333333,33.7,25.8,2025,5
2025-05-19,0.0,11.020637962962963,79.33333333333333,29.333333333333332,34.6,25.7,2025,5
2025-05-20,0.0,9.05933425925926,82.0,29.2,34.1,26.0,2025,5
2025-05-21,0.0,10.927957407407407,82.0,29.0,32.7,25.9,2025,5
2025-05-22,0.0,5.379092592592592,84.33333333333333,28.333333333333332,32.4,25.9,2025,5
2025-05-23,0.0,8.285278703703705,83.33333333333333,28.433333333333334,33.0,26.0,2025,5
2025-05-24,0.0,7.066770370370371,84.66666666666667,28.53333333333333,32.0,26.3,2025,5
2025-05-25,0.0,8.875370370370371,81.66666666666667,29.5,34.0,26.6,2025,5
2025-05-26,0.0,9.466075925925926,80.0,29.599999999999998,34.3,25.9,2025,5
2025-05-27,0.2333333333333333,9.481137962962963,76.66666666666667,30.233333333333334,35.1,26.1,2025,5
2025-05-28,4.8999999999999995,1.260589814814815,81.0,28.433333333333334,32.2,25.2,2025,5
2025-05-29,47.0,0.0,91.0,27.2,28.9,25.4,2025,5
2025-05-30,6.533333333333334,0.038550925925925926,92.66666666666667,27.733333333333334,30.9,26.0,2025,5
2025-05-31,0.0,0.5958157407407407,90.33333333333333,28.566666666666666,33.5,26.3,2025,5
2025-06-01,0.0,0.0,93.0,27.900000000000002,31.1,26.0,2025,6
2025-06-02,0.09999999999999999,2.5946944444444444,89.66666666666667,28.233333333333334,31.4,25.9,2025,6
2025-06-03,0.0,10.49675462962963,84.66666666666667,28.733333333333334,33.7,25.9,2025,6
2025-06-04,0.0,5.509826851851852,89.33333333333333,27.433333333333334,31.1,25.3,2025,6
2025-06-05,0.0,11.194222222222223,85.66666666666667,28.333333333333332,32.3,25.5,2025,6
2025-06-06,0.0,10.319992592592593,86.66666666666667,28.5,32.8,25.8,2025,6
2025-06-07,0.0,11.805754629629627,85.0,29.2,33.7,26.5,2025,6
2025-06-08,0.0,11.951771296296295,82.0,29.8,34.6,26.5,2025,6
2025-06-09,0.0,11.95943611111111,81.0,30.133333333333336,34.8,27.0,2025,6
2025-06-10,0.0,11.252891666666665,81.66666666666667,30.0,35.2,26.9,2025,6
2025-06-11,0.0,10.506003703703703,82.0,29.53333333333333,34.1,27.1,2025,6
2025-06-12,0.0,11.7269,81.33333333333333,29.733333333333334,34.1,27.4,2025,6
2025-06-13,0.0,11.97519537037037,81.0,30.2,34.5,27.8,2025,6
2025-06-14,0.0,9.053710185185185,83.66666666666667,29.7,34.0,27.2,2025,6
2025-06-15,0.0,4.28967037037037,87.66666666666667,28.366666666666664,31.8,26.7,2025,6
2025-06-16,0.5,3.217699074074074,87.33333333333333,28.233333333333334,31.7,26.4,2025,6
2025-06-17,26.766666666666666,0.06290925925925926,92.33333333333333,27.166666666666668,29.6,26.1,2025,6
2025-06-18,13.366666666666665,0.0,93.0,27.366666666666664,28.8,26.1,2025,6
2025-06-19,0.9666666666666668,3.914526851851852,89.66666666666667,27.599999999999998,30.7,26.2,2025,6
2025-06-20,3.0,2.3371842592592595,91.66666666666667,27.633333333333336,30.9,26.2,2025,6
2025-06-21,0.39999999999999997,5.694596296296297,89.0,28.366666666666664,32.8,26.3,2025,6
2025-06-22,0.0,9.141131481481482,86.33333333333333,28.666666666666668,32.6,26.5,2025,6
2025-06-23,0.03333333333333333,7.938676851851852,85.33333333333333,28.666666666666668,32.0,26.6,2025,6
2025-06-24,0.0,9.451127777777778,83.66666666666667,28.933333333333334,33.0,26.8,2025,6
2025-06-25,0.0,6.713287962962963,84.0,28.7,31.7,26.6,2025,6
2025-06-26,0.0,8.457292592592593,84.66666666666667,28.599999999999998,32.1,26.4,2025,6
2025-06-27,0.0,9.014761111111111,87.66666666666667,28.0,30.4,26.4,2025,6
2025-06-28,0.0,8.113772222222222,89.0,27.833333333333332,32.2,26.2,2025,6
2025-06-29,0.0,5.0815574074074075,87.33333333333333,27.96666666666667,32.3,26.3,2025,6
2025-06-30,0.0,7.930497222222222,85.66666666666667,28.3,32.5,26.6,2025,6
2025-07-01,0.0,7.007851851851851,85.66666666666667,28.266666666666666,32.2,26.4,2025,7
2025-07-02,0.0,7.1101222222222225,86.66666666666667,28.066666666666666,31.5,26.5,2025,7
2025-07-03,0.0,5.203716666666666,88.0,27.933333333333334,31.1,26.3,2025,7
2025-07-04,2.2666666666666666,0.9798629629629629,92.0,27.233333333333334,31.1,25.8,2025,7
2025-07-05,7.6000000000000005,2.182885185185185,90.0,27.5,31.6,25.8,2025,7
2025-07-06,0.06666666666666667,2.580652777777778,90.0,27.433333333333334,29.8,26.0,2025,7
2025-07-07,8.9,0.030270370370370375,93.33333333333333,26.766666666666666,28.4,25.6,2025,7
2025-07-08,7.3,0.0,93.66666666666667,26.866666666666664,28.2,25.6,2025,7
2025-07-09,2.6666666666666665,0.0,93.66666666666667,26.566666666666666,28.0,25.5,2025,7
2025-07-10,0.0,3.000596296296296,92.0,26.96666666666667,28.3,25.5,2025,7
2025-07-11,0.0,9.60231851851852,88.33333333333333,28.333333333333332,31.8,25.8,2025,7
2025-07-12,0.0,9.189930555555556,85.33333333333333,29.366666666666664,34.9,26.8,2025,7
2025-07-13,0.8000000000000002,3.617518518518518,87.0,28.233333333333334,33.9,26.3,2025,7
2025-07-14,2.6333333333333333,1.7934907407407408,90.33333333333333,27.2,29.3,26.0,2025,7
2025-07-15,0.03333333333333333,6.547203703703704,89.33333333333333,28.0,30.4,26.3,2025,7
2025-07-16,0.0,9.612292592592594,88.0,28.433333333333334,32.3,26.3,2025,7
2025-07-17,0.0,9.563524074074074,88.66666666666667,28.433333333333334,31.5,26.7,2025,7
2025-07-18,0.0,9.54129351851852,87.33333333333333,28.666666666666668,32.5,26.8,2025,7
2025-07-19,0.0,8.300936111111112,85.33333333333333,29.066666666666666,33.3,27.2,2025,7
2025-07-20,0.0,7.09751851851852,87.33333333333333,28.933333333333334,32.4,26.8,2025,7
2025-07-21,0.0,10.329517592592593,86.66666666666667,29.166666666666668,33.1,27.1,2025,7
2025-07-22,0.0,8.343701851851852,85.66666666666667,29.400000000000002,33.7,27.3,2025,7
2025-07-23,0.16666666666666666,9.321333333333333,83.66666666666667,29.96666666666667,35.1,27.6,2025,7
2025-07-24,0.03333333333333333,3.2584,84.33333333333333,29.133333333333336,32.6,27.1,2025,7
2025-07-25,1.2666666666666668,4.6009064814814815,86.0,28.2,32.0,26.4,2025,7
2025-07-26,0.6333333333333334,1.9901999999999997,90.0,28.133333333333336,31.5,26.6,2025,7
2025-07-27,0.0,2.9492805555555552,89.33333333333333,28.599999999999998,33.0,26.8,2025,7
2025-07-28,1.3333333333333333,1.0796944444444445,92.33333333333333,27.7,30.8,26.2,2025,7
2025-07-29,0.2333333333333333,1.6682333333333335,91.66666666666667,27.3,30.7,26.1,2025,7
2025-07-30,4.833333333333333,1.7618231481481479,90.66666666666667,27.3,30.5,26.0,2025,7
2025-07-31,0.9666666666666667,0.12003055555555557,92.33333333333333,27.233333333333334,29.4,26.0,2025,7
2025-08-01,0.0,4.530106481481481,90.66666666666667,28.066666666666666,31.6,26.3,2025,8
2025-08-02,0.0,3.9878249999999995,89.33333333333333,28.433333333333334,32.5,26.7,2025,8
2025-08-03,0.0,7.112003703703703,87.33333333333333,28.666666666666668,32.9,26.8,2025,8
2025-08-04,0.3,7.573946296296296,89.33333333333333,28.366666666666664,31.9,26.3,2025,8
2025-08-05,0.03333333333333333,5.971317592592592,88.33333333333333,28.266666666666666,32.6,25.7,2025,8
2025-08-06,0.39999999999999997,4.772893518518519,88.66666666666667,27.833333333333332,30.9,25.9,2025,8
2025-08-07,0.0,1.9792731481481483,89.33333333333333,27.633333333333336,30.4,25.8,2025,8
2025-08-08,0.0,1.4467194444444444,90.33333333333333,26.833333333333332,28.5,25.3,2025,8
2025-08-09,0.0,8.249679629629629,86.0,27.933333333333334,31.6,25.6,2025,8
2025-08-10,0.0,11.099436111111112,83.0,29.099999999999998,33.4,26.2,2025,8
2025-08-11,0.0,9.708322222222222,83.0,29.433333333333334,35.0,27.2,2025,8
2025-08-12,0.0,6.195082407407408,84.0,29.433333333333334,33.8,27.4,2025,8
2025-08-13,0.0,1.879036111111111,87.0,28.266666666666666,30.7,26.3,2025,8
2025-08-14,0.0,6.101217592592593,87.33333333333333,28.133333333333336,31.5,26.1,2025,8
2025-08-15,0.0,11.286241666666667,84.33333333333333,28.766666666666666,33.0,26.4,2025,8
2025-08-16,0.0,8.638300925925925,84.33333333333333,28.96666666666667,32.7,26.1,2025,8
2025-08-17,0.0,6.335601851851852,86.0,28.666666666666668,31.8,27.0,2025,8
2025-08-18,0.0,9.650935185185185,81.66666666666667,28.833333333333332,33.9,26.4,2025,8
2025-08-19,0.0,7.4453861111111115,84.33333333333333,28.333333333333332,31.9,26.1,2025,8
2025-08-20,0.0,6.514323148148148,88.0,27.76666666666667,30.1,25.9,2025,8
2025-08-21,0.09999999999999999,2.663937037037037,90.66666666666667,27.03333333333333,29.3,25.2,2025,8
2025-08-22,0.0,2.6411962962962963,90.33333333333333,27.233333333333334,29.3,25.4,2025,8
2025-08-23,1.0,1.297198148148148,92.0,26.766666666666666,28.4,25.3,2025,8
2025-08-24,0.7666666666666666,4.234187037037038,88.66666666666667,27.53333333333333,30.0,25.5,2025,8
2025-08-25,0.0,9.289268518518519,83.0,28.666666666666668,33.2,25.8,2025,8
2025-08-26,0.0,10.422287962962962,80.66666666666667,29.2,34.1,26.4,2025,8
2025-08-27,0.0,10.083412037037037,82.66666666666667,28.599999999999998,33.8,26.3,2025,8
2025-08-28,0.0,7.359340740740741,86.0,28.0,31.6,26.2,2025,8
2025-08-29,0.0,8.499280555555556,87.0,28.066666666666666,32.5,26.1,2025,8
2025-08-30,0.0,7.781782407407408,87.0,28.366666666666664,32.1,26.3,2025,8
2025-08-31,0.0,9.67127037037037,85.33333333333333,29.066666666666666,32.6,26.3,2025,8
2025-09-01,0.0,9.40559074074074,82.66666666666667,29.833333333333332,35.6,26.7,2025,9
